https://pointoflifeacupuncture.com/,info@pointoflifeacupuncture.com
https://www.reciprocityfoundation.org/,//book@ReciprocityFoundation.org,book@ReciprocityFoundation.org
https://www.unioncenterforhealing.com/,info@hellopelvis.com,info@unioncenterforhealing.com,roxane@unioncenterforhealing.com,vickie@unioncenterforhealing.com,kate@unioncenterforhealing.com,Dawn@unioncenterforhealing.com,Roxane@unioncenterforhealing.com,Vickie@unioncenterforhealing.com
https://acuboulder.com/,acbwellness@acupunctureclinicofboulder.com,aserfes91@gmail.com
https://www.sacredvesselacupuncture.com/,svacupuncturellc@gmail.com,info@sacredvesselacupuncture.com
https://www.acupuncturemainline.com/,mfatimah@me.com
https://www.healthybodysoul.net/,hbsouloffice@gmail.com
https://www.acupuncturebydevon.com/
https://www.madison-acupuncture.com/,kelly@bluestemacupuncture.com
https://heal-from-within.com/,lisaeaves@heal-from-within.com
https://clinic-eight.com/,info@clinic-eight.com
https://burlingtonacupuncture.com/
https://theqispot.com/,info@theqispot.com
https://www.acupuncture-sa.com/
http://www.kcacupuncture.net/,kcacupuncture11@gmail.com
https://www.acupuncturecenterofasheville.com/,acupuncturectr@gmail.com,sara@acupuncturecenterofasheville.com
https://www.urbanacupuncturechicago.com/,youracudoc@gmail.com
https://fullcircleacupuncture.com/,rachael@fullcircleacupuncture.com
https://www.neuroloqiacupuncture.com/
https://novaacu.com/,info@novaacu.com,linda@novaacu.com
https://hackettholistichealth.com/,DrTracy@HackettHolisticHealth.com,drtracy@hackettholistichealth.com
http://vermontacupuncture.com/,kelly@VTacupuncture.com
https://www.calebgatesacupuncture.com/
https://www.janetacu.com/,janet@janetacu.com
https://acupunctureatelier.com/
https://robinetteacupuncturedenver.com/,katie@robinetteacupuncturedenver.com
https://www.healthynewvibes.com/,info@healthynewvibes.com
https://www.pointofrenewalacupuncture.com/
https://njcommunityacupuncture.com/,contact@sansoxygen.com
https://www.chattanoogaholisticmedicine.com/,meadows@gmail.com,info@chattanoogaholisticmedicine.com
http://www.boulderacusport.com/,ginna@boulderacusport.com
https://julieallisonacupuncture.com/,julieallisonacupuncture@gmail.com
https://www.bridgetownacupuncture.com/,jenny@bridgetownacupuncture.com
https://amyguinther.com/,amy@madisonacupuncturemedicine.com
http://www.healthalkemy.com/
https://www.saratogaspringsacupuncture.com/
https://balancedacupuncture.net/,typedesign@gmail.com,amkryukov@gmail.com,eben@eyebytes.com
https://www.infusehealthclinic.com/,drzurich@infusehealthclinic.com
https://www.nurtureindy.com/,info@nurtureindy.com
https://www.rootsourcemedicine.com/,jonny@rootsourcemedicine.com
https://mynaturalapproach.com/,office.naturalapproach@gmail.com,naturalapproach@gmail.com
http://www.turningpointeacu.com/,emily@turningpointeacu.com,info@turningpointeacu.com
https://www.cannonbeachacupuncture.com/,cannonbeachacupuncture@gmail.com
https://www.asdesignedwellness.com/,susan@asdesignedwellness.com
https://www.jenniferwatsonleadership.com/,booking@jenniferwatsonleadership.com
https://familytreeacuwell.com/
http://westchesteracupuncture.us/
https://www.healingvibesacupuncture.com/,healingvibesacu@gmail.com
https://acu-evolve.com/
https://threewellsclinic.com/
https://www.harmonizingcare.com/,info@harmonizingcare.com,Info@HarmonizingCare.com
https://thrive.stagedweb.site/,laura@thrivewellnesscare.com
https://zoiacupuncture.com/,info@zoiacupuncture.com,tiffany@zoiacupuncture.com
https://www.fourpointsacu.com/,fourpointsacupuncture@gmail.com
https://www.nourishingenergyacu.com/,nourishingenergyacu@gmail.com,Nourishingenergyacu@gmail.com
https://www.abacupuncturenyc.com/,annalisa@abacupuncturenyc.com
http://www.emilydavidsonacupuncture.com/,emilydavidsonacupuncture@gmail.com,emilydavidsonacupuncture@gmail.con,emilydavidsonacpuncture@gmail.com
https://www.watsonwellnessit.com/
http://www.acupunctureforveterans.org/
https://www.vibrantlife-acupuncture.com/,vibrantlifeacu@gmail.com
https://www.missoulameridian.com/,desk@missoulameridian.com
https://emendhealth.com/,drerintcm@gmail.com
http://www.pathfinderwellness.com/,julia@pathfinderwellness.com
http://acupunctureandapothecary.com/,info@acupunctureandapothecary.com,info@AcupunctureandApothecary.com,abby@acupunctureandapothecary.com
https://bit.ly/soundhealingacupunctureregistration/
https://www.wildcraftedacupuncture.com/,hello@wildcraftedacu.com,hello@wildcraftedacupuncture.com
https://clearbrilliantskin.com/
http://www.truehealthacu.com/
https://estesparkacupuncture.com/
http://www.518acu.com/,518acu@gmail.com
https://life-qi-holistic-medicine.square.site/,michael@lifeqimedicine.com,hi@mystore.com
http://www.cotaticommunityacupuncture.com/
https://www.gingerrootwellness.com/,sarah@gingerrootwellness.com
http://conniechuck.wixsite.com/thrivewellness/,thrivewellnessinfo@gmail.com
https://drsunshinefowler.com/
https://www.bodhitcm.com/,andrea@bodhitcm.com,DrAndrea@bodhitcm.com
https://theqispotbythesea.com/,impallari@gmail.com,team@latofonts.com
http://nurtureacu.com/,gina@healom.com,gina@nurtureacu.com
https://www.holisticheartacu.com/,info@holisticheartacu.com
http://sacredvalleyacupuncture.com/
https://www.handsandneedles.com/,wixofday@wix.com
https://www.nancyallenacupuncture.com/,hello@nancyallenacupuncture.com
https://greenmountainwellness.org/,astigma@astigmatic.com
https://www.mtsacupuncture.com/,becky@mtsacupuncture.com,wixofday@wix.com
https://www.mamawellacu.com/,info@email.com,Erika@mamawellacu.com,Melissa@allfamiliesacupuncture.com,erika@mamawellacu.com,Melissa@AllFamiliesAcupuncture.com
https://www.raphaacu.com/,info@raphaacu.com,raphaacupuncturewellnesscenter@gmail.com
https://bluelotusacupuncturenyc.com/,team@latofonts.com,anapbm@gmail.com
https://www.ocfamilyacu.com/,Natalie@OCFamilyAcu.com,support@schedulista.com,support@riiwards.com,natalie@OCFamilyAcu.com
https://www.wakinglifewellness.com/,alison@wakinglifewellness.com
https://www.erinborbet.com/,erin@erinborbet.com
https://www.sacredfortune.com/,info@sacredfortune.com
https://www.crunchbase.com/organization/acusimple/,support@acusimple.com,support@crunchbase.com,press@crunchbase.com
https://acuveda.com/,acuvedausa@gmail.com
https://www.serenitytcm.com/,serenitytcm@gmail.com
https://us15.campaign-archive.com/?u=115725b1e25d609921a7b1614&id=ce34d6c059/
https://www.courtneymooreacu.com/
http://elementacupuncture.com/,webmaster@elementacupuncture.com
https://www.redravenacupuncture.com/,info@redravenacupuncture.com,frontdesk@redravenacupuncture.com
https://threebestrated.com/acupuncture-in-birmingham-al/,foti@anthosacupuncture.com,Support@RuthAcupuncture.com,acudok@gmail.com,support@threebestrated.com,support@ruthacupuncture.com
http://www.nwhealingtree.com/,northwesthealingtree@gmail.com
https://acupuncture-wellness.co.uk/,benhymas@gmail.com
https://www.fullmoonbayarea.com/,traci@fullmoonbayarea.com,majarosedesign@gmail.com
https://verdurehealthtraditions.com/,contact@verdurehealthtraditions.com
http://www.acupuncturedoula.com/,office@whwellnesscenter.com
https://www.riseholisticmedicine.com/,info@riseholisticmedicine.com
https://www.trueacupuncturewellness.com/,trueacupuncturetn@gmail.com,wixofday@wix.com
https://site-stats.org/acupne.com/,abuse@godaddy.com,abuse@web.com,abuse@namecheap.com,contact@publicdomainregistry.com,abuse@ionos.com,legal@fastdomain.com,someone@example.com,noc@cloudflare.com,compliance@google.com,team@endurance.com,contact@amazon.com,abuse@amazonaws.com,ipadmin@liquidweb.com,hostmaster@datafoundry.com,net@squarespace.com
https://foothillsacupuncture.com/,info@foothillsacupuncture.com
https://hornburgholistics.com/,Info@HornburgHolistics.com,info@hornburgholistics.com
https://www.chinesemedicinethatworks.com/
https://www.lightanddarkacu.com/,LightandDarkAcupuncture@gmail.com,lightanddarkacupuncture@gmail.com
https://www.goodfirms.co/software/acusimple/
https://fullscript.com/blog/healthcare-technologies/,
https://acuperfectwebsites.com/online-scheduling/
http://www.chattanoogapulse.com/events/community-health-and-acupuncture/,gary@chattanoogapulse.com,lisay@brewermediagroup.com,mikebaskin@brewermediagroup.com,rick@brewermediagroup.com,info@chattanoogapulse.com,calendar@chattanoogapulse.com
http://intmednaples.com/,info@intmednaples.com
https://www.lotuswei.com/blogs/blog/erinborbet/,HELLO@LOTUSWEI.COM
https://whiteplainsacupuncture.org/
https://www.webwiki.com/acusimple.com/
https://ilovetheupperwestside.com/seasoned-acupuncturist-opens-72nd-street-suite/,annalisa@abacupuncturenyc.com,,info@ilovetheupperwestside.com
https://worsleyinstitute.com/membership-benefits/
https://www.owler.com/company/acusimple/
https://www.keyword-suggest-tool.com/search/acusimple.com/,support@acusimple.com,name@address.com
https://www.reverieacupuncture.com/privacy/,jess@reverieacupuncture.com
http://prlog.ru/analysis/healthystuffu.com/
http://www.milwaukieacupuncture.com/
https://www.anayaacupuncture.com/newpage/
https://www.transform-acu.com/,info@slracupuncture.com
https://ctcacupuncture.com/,cheritc@gmail.com,cheri@ctcacupuncture.com
http://www.annielindbergacupuncture.com/,AnnieLindbergAcupuncture@gmail.com,annielindbergacupuncture@gmail.com
https://charlottecenterforacupuncture.com/,CharlotteCenterforAcupuncture@gmail.com
https://www.lifegateacupuncturesf.com/,lifegateacupuncturesf@gmail.com
http://www.keywordbasket.com/b25saW5lIHBhdGllbnQgcG9ydGFs/
https://www.visitnewportbeach.com/offer/45-off-rapha-acupuncture/,NBRA@DineNB.com
https://acupuncturecenterinc.com/tuning-forks-of-the-harmonic-musical-scale-bursts-cancer-cells/,drmichelearnold@gmail.com
https://www.acubydaphne.com/
http://www.beautypuncturepdx.com/,melissa@iaestheticsnw.com,melissa@firstcitywellness.com
http://www.wendygerrish.com/
https://www.ttpacupuncture.com/what-are-the-4-gates-2/,office@ttpacupuncture.com
https://swan.chrisaxelrad.net/,ceguerrero@swanwellnesscenter.net
http://www.topmillion.net/domain-list-612/,mouse505000@gmail.com
https://www.balancepointwellnessmsp.com/teishin/,lac@gmail.com
https://www.bigskyfertility.com/,bigskyfertility@gmail.com,Bigskyfertility@gmail.com
http://vitruvianholistichealthcare.com/locations/,AndrewBall.LAc@gmail.com,Info@VitruvianHolisticHealthcare.com,LAc@gmail.com
"""https://publicwww.com/websites/""""feather.css""""/4""/"
https://www.thepointofbalanceacupuncture.com/,healing@thepointofbalanceacupuncture.com,pointofbalanceflow@gmail.com,PointofBalanceflow@gmail.com
http://www.cortlandacupunctureworks.com/,acuworkman@gmail.com
https://www.ivankaconcrete.com/árak/
https://ronaldprattacu.com/manhattan-new-york-acupuncture/,hello@ronaldprattacu.com
https://agm-mega.web.morse.hu/
https://cleacu.com/booknow/,hello.acupuncturefirst@gmail.com,karen@cleacu.com,acupuncturefirst@gmail.com
https://www.wellwithdrmichele.com/p/telehealth-virtual-consultation/
https://cityscoop.us/oaklandca-acupuncture/2019/08/05/oakland-ca-natural-health-solutions-for-anxious-children-acupuncture/
http://www.beamacupunctureclinic.com/home/,beamacupuncture@gmail.com
https://www.sitelinks.info/acusimple.com/,support@acusimple.com
https://www.manzanitawellness.com/visit/,info@manzanitawellness.com
https://www.rootedwellnessacupuncture.com/,hello@rootedwellnessacupuncture.com
https://swanwellnesscenter.net/,ceguerrero@swanwellnesscenter.net
https://rawranked.com/electronic-invoice.html/
https://jewjewjew.com/electronic-invoice.kosher/
https://www.acupuncture.wurkhub.com/free-consultation-treatment/
https://www.healingiswithinus.com/work-with-me/,kristin@healingiswithin.us
https://etrigg.com/event/community-acupuncture/64385221/
https://files.butlers.hu/
http://www.57883.net/link/Alexa_173.html/
https://www.gardenstateacupuncture.com/,gardenstateacu@gmail.com,info@GardenStateAcupuncture.com
http://alexatop1m.kritih.com/List-143.html/
http://www.acupuncturenapa.com/
https://www.radiancewellness.co/
http://www.joelleludwigacu.com/,info@joelleludwigacu.com
https://ekahlife.com/schedule/,info@ekahlife.com
https://acupuncturecenter-edmond.com/
https://vibrantliving4life.com/womens-health/,info@vibrantliving4life.com,shianne@thehealthcoachgroup.com
https://organicsearch.agency/local/?s=alabama&c=birmingham&k=acupuncture/
https://www.eaglecapwellness.com/
https://mindfulhealingheart.com/,mindfulhealingheart@gmail.com,amkryukov@gmail.com,agustinamingote@gmail.com
https://denversportsacu.com/recover-sprains-strains-prolotherapy/
https://hadohealth.com/contact/,hello@hadohealth.com,minerva@eastsideacupuncture.com
https://gesundheithealing.com/,hello@gesundheithealing.com
https://www.health-foundations.com/calendar/5c78g9zzzlzw492nnk6k2ttzy6abpj/,info@health-foundations.com
https://aitkinacu.com/
http://unveilthepractice.com/new-page-56/,unveilthepractice@gmail.com
https://www.bostonnaps.com/studio-events/2019/9/9/pre-and-post-natal-acupuncture/,hello@BostonNAPS.com
http://www.linkfeed.de/website-analyse/acusimple.com/,abuse@namecheap.com
https://juliamandes.com/,drjuliamandes@gmail.com
https://www.katiehermanacupuncture.com/,katieherman2@gmail.com
http://www.chinainstitute.com/schedule-appointment/,health@chinainstitute.com,unsubscriberequest@constantcontact.com
https://www.mindfulpracticellc.com/,mindfulpracticellc@gmail.com,wixofday@wix.com
https://www.blissbodystow.com/vendetti-wellness-patients/,BLISSBODYSTOW@OUTLOOK.COM
https://www.embacuba.hu/acuregen/
http://www.acupuncturecordova.com/,info@acupuncturecordova.com,INFO@Acupuncturecordova.com
https://www.interimmanagement.hu/acuregen/
https://starnationreiki.com/events/,marie@starnationreiki.com,wandadabkoska@gmail.com
https://loginee.de/p-login/paysimple-login.html/
https://exim.choma.hu/
https://miamiacupuntura.com/portal-de-acceso/,eben@eyebytes.com
https://kozmos.hu/hagyományos_kínai_orvoslás/,csecsei.barbara@kozmos.hu
http://www.lifeqimedicine.com/events/,michael@lifeqimedicine.com,lifeqimedicine@gmail.com
https://www.nature-doc.com/make-appointment.php/
http://specialtyacupuncture.com/blog/2015/1/29/the-heart-wall/,drJosh@specialtyacupuncture.com
https://www.camdenacupuncture.me/,amy@amyjenner.com
https://www.testcar.hu/gyik/
https://glownaturalhealth.com/schedule-appointment/,glownaturalhealthfrontdesk@gmail.com,info@glownaturalhealth.com
https://bewellokc.com/schedule/
https://loginarchive.com/s-logins/simple-com-login.php/
http://www.animaacupuncture.com/
https://hirlevel.interim.hu/osn_akupunktúra/
https://websiteopedia.com/acusimple.com/,abuse@namecheap.com,dan@elementacupuncture.com
https://www.greensiteinfo.com/search/acupuncture+practice+management+software/,pteam@kerndhs.com,Pteam@kerndhs.com,sinisavuk@opptrends.com,Sinisavuk@opptrends.com,email@antheminc.com,Email@antheminc.com,otaostore@outlook.com,Otaostore@outlook.com,lovescetsales@loves.com,Lovescetsales@loves.com
https://www.3treasurescolorado.com/,3treasurescolorado@gmail.com,wixofday@wix.com
https://www.atlasacupuncturenyc.com/appointments-1/,amie@atlasacupuncturenyc.com,Amie@AjcAcupuncture.com,info@innspabeacon.com
https://www.acupuncturejesup.com/contact/
https://www.hoviragklub.hu/
https://www.cupsandneedlesacupuncture.com/,cupsandneedlesacupuncture@gmail.com
https://www.integrativeacupunctureclinic.com/patient-center/,integrativestaff@gmail.com,tegrativestaff@gmail.com
https://kerdoiv.concordia-od.hu/kapcsolat/
https://www.intuitivemedicine.org/
https://www.thepinesacu.com/,admin@thepinesacu.com
https://www.balancedmeridian.com/notices-privacy-practices/,drmichelearnold@gmail.com
https://www.w3use.com/website/acusimple.com/,abuse@namecheap.com
https://www.tranquilityacu.com/your-visit/basics/,prisca@tranquilityacu.com
https://www.rozsaetterempanzio.hu/
https://www.elitenicheresearch.com/search/simple-practice-login/
https://www.penickintegrativeacu.com/blog/,penickintegrativeacu@gmail.com
https://www.hiddenrhythmacupuncture.com/contact/,www.hiddenrhythm@mac.com,Hiddenrhythm@mac.com,hiddenrhythm@mac.com
https://blog.bash.hu/
https://www.fishhawkacu.com/,dr.kenn@fishhawkacu.com,kenn@fishhawkacu.com
https://gainesfrazier.squarespace.com/half-moon-bay-calendar/,Info@GainesFrazier.com,info@gainesfrazier.com
https://www.lowcompetitionkeywords.com/search/simple-practice-login-in/
https://www.rebeccaacupuncture.com/covid19-protocol/,rebeccawbuchanan@gmail.com
https://www.cronuskft.hu/gyik/
https://fourtytwo.artforce.hu/osn_akupunktúra/
https://bestappsfinder.com/best-acupuncture-app/,contact.bestappsfinder@gmail.com,bestappsfinder@gmail.com
http://portal-db.live/acusimple-patient-portal/
https://archives.castedtelegraph.com/
https://www.cannabisclinicpro.com/set-an-appointment/,wixofday@wix.com
https://www.surtreatbeton.hu/bemutatkozás/
https://www.acupuncturehelps.org/
https://oneacucenter.com/neck-and-shoulder-pain-related-to-the-small-intestine/
https://www.centerlifehealth.com/rsvp/,kierstin@centerlifehealth.com
https://hannahgcaruso.com/online-scheduling/,
https://www.midheavenacupuncture.com/patient-portal/,Info@midheavenacupuncture.com
https://travelpuncture.com/appointments/,info@travelpuncture.com/,info@travelpuncture.com
https://acupunctureosceola.com/schedule/,info@DrchristinaArbogast.com,Info@DrChristinaArbogast.com
https://myartofwellness.com/schedule/
https://www.naraharmony.com/
http://www.acupunturamasaje.com/
https://www.maxbuda-ingatlan.hu/
https://columbusacu.com/schedule/
https://backtobalanceacu.com/schedule/
https://www.outclicks.net/sites/3ijwg0/acusimple.com/
http://thelocalhealer.com/blog/through2019andintoanewyear/,bex@thelocalhealer.com,info@thelocalhealer.com
http://www.veriditasacupuncture.com/,veriditasacu@gmail.com
https://www.embodiedvirtue.com/,info@embodiedvirtue.com
https://www.schnellol.hu/kapcsolat/
https://www.intuitivewellnessacu.com/book-appointment/,info@intuitivewellnessacu.com
https://tutore.org/acupuncture-superbill-template.html/
https://rockcreekacupuncture.com/online-scheduling-and-patient-portal/
https://www.esely-szakkepzo.hu/bemutatkozás/
https://onebodycolorado.com/acupuncture/
https://www.redrootacupuncture.com/forms.html/,info@email.com,redrootschedule@gmail.com
https://www.girlsandmathematics.com/acuregen/
https://www.secretgardenacupuncture.com/fertility-pregnancy/
https://karmazenacupuncture.com/schedule/,info@KarmaZenAcupuncture.com,karmazenacupuncture@gmail.com,info@karmazenacupuncture.com
https://www.integratedacupuncture.com/schedule-san-luis-obispo/
https://www.bluepeacockacupuncture.com/telehealth/,wixofday@wix.com
https://www.generationen-hilfe24.de/forum/welcome-mat/24367-pdf-to-word-online/,info@generationen-hilfe24.de
https://ritualsandalchemy.com/pages/online-consults/,stacykondra@gmail.com
https://www.nooracupunctureandwellness.com/acusimple-test/
https://mariko-fujita.squarespace.com/what/,beamacupuncture@gmail.com
https://stillpointhealingcenter.com/treatments/appointments-pricing/,manager@stillpointhealingcenter.com,maile@stillpointhealingcenter.com
https://www.interim-cee.eu/bemutatkozás/
https://healingvibesacupuncture.squarespace.com/,healingvibesacu@gmail.com
https://www.flyagainacupuncture.com/schedule-now/
https://www.rajawellness.com/services-reiki-jin-shin-jyutsu/,info@rajawellness.com
https://www.acupunctureup.com/get-started/
https://whitecraneacu.com/new-patients/
https://rossacupuncture.com/learn/faq/,jen@rossacupuncture.com
https://www.wholefamilyacupuncture.com/online-scheduling/,leah@wholefamilyacupuncture.com
https://www.renewwithacupuncture.com/,info@renewwithacupuncture.com
https://www.mopfactory.com/árak/
https://acupuncturecenterforwomen.com/,info@acupuncturecenterforwomen.com
http://theacupunctureden.com/index.php/appointments/
https://durangoallergyrelief.com/book-now/,dgoacupuncture@gmail.com
https://www.activepointswellness.com/active-points-wellness-patient-port/,contact@activepointswellness.com
https://www.aahbliss.com/,dee@aahbliss.com
https://bluehouseclinic.com/patient-portal/,jason@bluehouseclinic.com
https://www.yourskinambition.com/updates/introducing-new-skin-ambition-peels/,skinambition@gmail.com
https://www.overlandohv.com/health-insurance-claim-form/102749/
https://lisablakeacupuncture.com/schedule/
http://oregoncityacupuncture.com/info-forms/,info@oregoncityacupuncture.com
https://sandykayemoss.com/the-color-of-your-emotions-a-health-and-wellness-workshop/
http://jilliankinneylac.com/index.html/
https://www.eastasianmedicinecenter.com/schedule-treatment/,raphael@eastasianmedicinecenter.com,talia@eastasianmedicinecenter.com
https://threepointsacupuncture.com/,bec@threepointsacupuncture.com
https://www.dnsmap.com/reverse-ns-lookup/ns-1804.awsdns-33.co.uk/
https://www.tcmacupuncturelex.com/new-patients/
https://acupuncturebyjenn.com/
https://wellnessallways.com/forpatients/
https://www.highpointacupuncture.net/,Robin@HighPointAcupuncture.net,robin@highpointacupuncture.net
https://www.surtreat.hu/acuregen/
https://ancientwisdomandintegrativecare.com/schedule/,reginagibbons1@outlook.com
https://fullcircleacu.com/?page_id=979/,brianna@fullcircleacu.com
https://valleysportsacu.com/schedule/
https://www.holisticpetintuitive.com/schedule/
https://www.livewellacuhealth.com/schedule-your-appointment/,sarah@livewellacuhealth.com,Sarah@livewellacuhealth.com
https://www.nourishinghealthacu.com/,acuviola@gmail.com
https://www.innerpeaceacupuncture.org/welcome/,lisajordanlac@gmail.com
https://www.pranahands.org/schedule/,wixofday@wix.com
https://abqacuherb.com/schedule/
https://orb-lizard-ps9b.squarespace.com/what-we-treat/,LightandDarkAcupuncture@gmail.com
https://bluebranches.com/contact/,amy@bluebranches.com
https://www.pano-dent.hu/
https://fingerlakesacupuncture.com/schedule/
https://www.thesubtlepoint.com/womens-health/
http://www.firstcitywellness.com/blog/october-24th-2015/
https://www.drleeintegrativeacupuncture.com/contact/
http://betterdaysacupuncture.com/schedule-an-appointment/,julienne@betterdaysacupuncture.com,betterdaysacupuncture@gmail.com
https://www.acu-point.hu/,acupointbudapest@gmail.com
https://natalie-giusti-o1hv.squarespace.com/schedule-appointment/,info@shenhealthacupuncture.com
https://xanderkahn.com/on-healing/,xander@xanderkahn.com
http://www.acupunctureblueturtle.com/schedule-now.html/,blueturtleacupunctureclinic@gmail.com
http://allfamiliesacupuncture.com/portal/,Melissa@allfamiliesacupuncture.com
https://www.acubyang.com/appointments.html/,acubyang@gmail.com
https://rootsmedicine.com/schedule/,rootsmedicineinfo@gmail.com
https://www.turquoisetrailacupuncture.com/,info@turquoisetrailacupuncture.com,turquoisetrailacupuncture@gmail.com,drarritt@turquoisetrailacupuncture.com
https://www.delraywellnesscenter.com/book-online-1/
https://www.acuthrivehealth.com/,acuthrivehealth@gmail.com
https://www.szeretet-bolt.hu/kapcsolat/
https://free-keyword-search.info/search/electronic+practice+management+system/
https://barefoothealing.net/schedule/
https://www.shenhealthacupuncture.com/schedule-appointment/,info@shenhealthacupuncture.com
https://reddragonacupuncture.com/new-patient-forms/,healthylivingspecialist@gmail.com
https://www.onlinenewspaper.in/domain-list-593/
https://apexacu.com/contact-apex/, jana@apexacu.com, lijana@apexacu.com,jana@apexacu.com,lijana@apexacu.com
https://synergyacupuncture-nh.com/schedule-appointment/patient-portal/
https://domain-analytics.info/simple.com/
https://www.zoebrenner.com/appointments--forms.html/
http://gainesfrazier.com/half-moon-bay-calendar/,Info@GainesFrazier.com,info@gainesfrazier.com
https://www.healthlifes.info/paysimple-pricing/
https://login-db.co.uk/h-logins/house-simple-login.html/
https://taijiclub.live/2019/09/06/latest-news-9-6-2019/,matthew.stampe@gmail.com,stampe@gmail.com
https://katbarberacu.com/page/schedule-online/
https://www.st-36.com/patient-portal-1/,justingarcia@st-36.com
http://healwithgrace.com/appointment/
https://www.crawfordacupuncture.com/new-patient.html/,CrawfordAcupuncture@gmail.com
https://www.gubikagi.hu/acuregen/
https://www.pluckedandmore.com/renew-accupuncture/
https://tworiverswellness.com/schedule-online/
http://www.jamee-pineda-lac.com/
https://healingpathacupuncture.info/schedule/
http://www.konaacupuncture.com/contact-daisy-delangen/,daisy@konaacupuncture.com
https://husamiacupuncture.com/forms/
https://acupuncturesolutionsonline.com/schedule/
https://youngpineacupuncture.com/new-patients/,frances@youngpineacupuncture.com
https://www.jracu.com/kansas-city/,wixofday@wix.com
https://www.iworld.hu/
https://www.acupunctureoakpark.com/schedule/
https://www.region.co.in/domain-list-593/
http://www.chirosmart.net/cgi-bin/dadamail.cgi/archive/ptlist/20160407112511/,drm@chirosmart.net
https://loginii.com/acu-simple/
https://ajmacupuncture.ca/schedule/
http://www.janhit.in/domain-list-593/
http://vitalityacupuncture.net/contact-us/
https://pomegranate-chicory-9gkw.squarespace.com/studio-events/2019/9/9/pre-and-post-natal-acupuncture/,hello@BostonNAPS.com
https://zionacupuncture.com/blog/online-scheduling/,virginia@zionacupuncture.com
https://bluetuskclinic.com/our-services/recover/,contact@bluetuskclinic.com
https://erin-pass.squarespace.com/,acbwellness@acupunctureclinicofboulder.com,aserfes91@gmail.com
https://wcaiwellness.com/schedule/
https://www.naeemsacupuncture.com/services/
https://www.lunaacu.com/take-action/,jennifer@lunaacu.com
https://ckfacupuncture.com/reviews/
https://www.krystlemartinezlac.com/,aldana@gmail.com,krystlemartinezlac@gmail.com,wixofday@wix.com
https://longlivebeauty.com/schedule-online/,michelle@betterangelsacupuncture.com
https://loginboost.com/a-logins/acusimplecom-login.php/
https://www.wellnestdenver.com/denver-acupuncture-appointments/,info@wellnestdenver.com
https://www.sageclinics.com/booknow-us/
https://filehippoz.info/free-ehr-software-download/,bojana@sobetechguru.com
https://uniquemodels.hu/
http://www.whitneywellness.net/contact.html/,twhitneywellness@yahoo.com
http://www.parani.co/come-see-us.html/,kieran@parani.co
https://www.ui.hu/
https://sarasotabradentonacupuncture.com/prolozone/
https://susannahgrace.com/,orientalmedicinedoc@gmail.com
https://drsarahacu.com/shop/?add-to-cart=553/
https://www.evolveacupunctureandwellnessmi.com/?ref=localdatabase/
https://www.pedernaleschiropractic.com/copy-of-miracle-patients/,lmanndc@gmail.com
https://loginsimple.de/p-login/paysimple-login.html/
https://www.re-elektronik.hu/gyik/
https://ashevilleholisticacupuncture.com/booking/,tyler_white@alumni.brown.edu,HolisticAcupunctureNYC@gmail.com
https://www.uniqueillusion.hu/acuregen/
https://loginchecker.com/2-logins/2simple-management-suite-login.html/
https://paradisecommunityacupuncture.com/patient-portal/
http://www.travergarrity.com/forms.html/,acupuncture@travergarrity.com
http://acusimple.com.crawlstat.com/
http://www.acupuncture-researchcenter.com/index.php?option=com_wrapper&view=wrapper&Itemid=290/
https://feelgoodclinics.com/,hello@feelgoodclinics.com
http://www.sumid.com/30149201542788020876216443033124405.html/
https://bethrordam.com/
https://experiencetcm.com/schedule-online/
https://www.downloadok.info/free-ehr-software-download/,bojana@sobetechguru.com
https://erin-borbet-k7s9.squarespace.com/blog/2017/2/13/warm-winter-smoothie-recipe/,erin@erinborbet.com
http://www.drmontegores.com/
https://www.lisagoodstein.com/blog/date/2015-11/
http://www.eco-acupuncture.com/events/2020/4/7/out-of-office/,Ecoacupuncture@gmail.com,EcoAcupuncture@gmail.com
https://acupunctureinwestchester.com/
https://serena-shaw.squarespace.com/,nourishingenergyacu@gmail.com,Nourishingenergyacu@gmail.com
https://foothillsacupuncture.squarespace.com/,info@foothillsacupuncture.com
https://neuropointacu.com/insurance/
https://acupunctureacupressurepoints.blogspot.com/2017/05/acupuncture-chart-notes.html/,evgennniy@gmail.com
https://www.ocvitality.com/,CareCoordinator@ocvitality.com
https://mountainphoenixacupuncture.com/2017/12/15/sample-blog/,piper@mountainphoenixacupuncture.com
https://penickintegrativeacu.squarespace.com/services/,penickintegrativeacu@gmail.com
https://renata-silveira.squarespace.com/,info@riseholisticmedicine.com
https://centerforclassicalchinesemedicine.net/
http://totheacupoint.com/,info@sitename.com,email@example.com
https://wade-mcculloch.squarespace.com/insurance-patients/,info@theqispot.com
https://sunflower-cymbals-dxm8.squarespace.com/groups/,//book@ReciprocityFoundation.org
https://mtkiscoacu.com/,mtkiscoacu@gmail.com
https://radish-sepia-c5np.squarespace.com/,info@sacredfortune.com
https://acuglowllc.com/page/your-first-visit/
https://joelle-ludwig.squarespace.com/,info@joelleludwigacu.com
https://help-decision-zm8r.squarespace.com/about-1/,mike@thesubtlepoint.com
http://eliot-sitt-eg5s.squarespace.com/
http://justin-campbell-a0sx.squarespace.com/,josh@specialtyacupuncture.com,drjosh@specialtyacupuncture.com
https://adyliget.hu/kapcsolat/
https://lilicat.hu/kapcsolat/
https://secretgarden-acupuncture.squarespace.com/pain-management/
https://www.interimmanager.hu/bemutatkozás/
https://www.lovemyhome.hu/
https://www.mctels.hu/osn_akupunktúra/
https://www.neteverest.hu/
https://www.pen-drive.hu/
https://charmzone.eu/kapcsolat/
https://healinghouse.co/services/
https://www.activ.hu/hagyományos_kínai_orvoslás/
https://www.egerszegi.com/hagyományos_kínai_orvoslás/
https://www.getacupunctureandherbs.com/acupuncture-1/
http://healom.squarespace.com/,gina@healom.com,gina@nurtureacu.com
https://gabi-masek-5ysh.squarespace.com/contact-info-1/,hello@wildcraftedacu.com,hello@wildcraftedacupuncture.com
https://imperial22.eu/osn_akupunktúra/
https://konaacupuncture.squarespace.com/modalities/,daisy@konaacupuncture.com
https://marigold-hyperboloid-npj7.squarespace.com/teishin/,lac@gmail.com
https://natalie-franciose.squarespace.com/,healing@thepointofbalanceacupuncture.com,pointofbalanceflow@gmail.com,PointofBalanceflow@gmail.com
https://andrew-ball-iady.squarespace.com/locations/,AndrewBall.LAc@gmail.com,Info@VitruvianHolisticHealthcare.com,LAc@gmail.com
https://emily-bartha-d68g.squarespace.com/,emily@turningpointeacu.com,info@turningpointeacu.com
https://brass-rhubarb-tsfc.squarespace.com/,hello@nicolenocetoacu.com
https://maranaacupuncture.com/page/your-first-visit/
https://nicolenocetoacu.com/,hello@nicolenocetoacu.com
https://shelly-kocan-hzso.squarespace.com/,info@acupuncturecordova.com,INFO@Acupuncturecordova.com
https://starnationreiki.squarespace.com/events/2020/1/26/an-evening-of-sound-healing-reiki-amp-acupuncture/,marie@starnationreiki.com,wandadabkoska@gmail.com
https://www.jenniferleeper.com/services/
https://www.magnoliawellnesssf.com/,veronica@magnoliawellnesssf.com
https://www.serenityhealthacupuncture.com/,aandersonacu@gmail.com
https://www.thewellnessboost.com/fullscreen-page/comp-jwmbbhd2/4fce5b18-6770-4992-bc1a-de51960f0581/0/?i=0&p=xxclx&s=style-jwmbbhfd/,wixofday@wix.com
http://chelsea-horenstein.squarespace.com/contact/,chelsea@linesoflifeacupuncture.com
http://judith-kenen.squarespace.com/
http://www.alisonmckenzieacupuncture.com/location--contact.html/
http://www.shadowdruid.org/patient-portal/,daymanet@shadowdruid.org
http://www.shennongcare.com/new-patient.html/
http://www.traditionalorientalmedicine.com/,acu@traditionalorientalmedicine.com
https://azamraacupuncture.com/schedule/
https://ba-jam-latx.squarespace.com/appointments-1/,amie@atlasacupuncturenyc.com,Amie@AjcAcupuncture.com,info@innspabeacon.com
https://blackbird-triangle-35wk.squarespace.com/covid19-protocol/,rebeccawbuchanan@gmail.com
https://franklinacupunctureclinic.com/reviews/
https://harmonica-lemon-d3w3.squarespace.com/book-appointment-1/,info@intuitivewellnessacu.com
https://joy-andrews.com/patient-portal/,hello@joy-andrews.com
https://macrosim.hu/
https://margaret-weinrich.squarespace.com/,veriditasacu@gmail.com
https://prisca-chen.squarespace.com/your-visit/basics/,prisca@tranquilityacu.com
https://reelektronik.hu/osn_akupunktúra/
https://reliefacumassage.com/first-visit-&-forms/
https://sarah-fink-prza.squarespace.com/,sarah@gingerrootwellness.com
https://squid-plantain-79mn.squarespace.com/,info@nurtureindy.com
https://theodore-treantafelles.squarespace.com/,contact@spiritbrandacupuncture.com,spiritbrand@outlook.com
https://viktoriya-neverov-frz1.squarespace.com/book-an-appointment-1/,unveilthepractice@gmail.com
https://www.malahealingarts.com/schedule-now/,malahealingarts8@gmail.com
https://www.newmorningacu.com/schedule.html/,Newmorningacu@gmail.com
https://www.soulawakeningcenter.com/online-scheduling.html/
http://correctivebodysolutions.com/
http://www.moongateacupuncture.com/services.html/
http://www.okacuherbs.org/about-me/,website_support@spoton.com
https://acupillarperformance.com/take-action/,AcuPRPerformance@gmail.com,acuprperformance@gmail.com
https://aime-derbes-k6u5.squarespace.com/acupuncture/
https://awrenacupuncture.com/schedule/
https://balancebyjulie.com/schedule/,julie@balancebyjulie.com
https://balancingmeridians.com/book-services/,impallari@gmail.com,team@latofonts.com,Balancingmeridians@gmail.com
https://banjo-harp-5art.squarespace.com/schedule/
https://bluetuskacupuncture.squarespace.com/our-services/recover/,contact@bluetuskclinic.com
https://bundiland.hu/osn_akupunktúra/
https://cod-iris-h2kd.squarespace.com/,CareCoordinator@ocvitality.com
https://cornet-mustard-wp6w.squarespace.com/contact/,hello@hadohealth.com,minerva@eastsideacupuncture.com
https://drsusierosenberger.com/,impallari@gmail.com
https://eastasianmedicine.squarespace.com/schedule-treatment/,raphael@eastasianmedicinecenter.com,talia@eastasianmedicinecenter.com
https://eastsidegentleacupuncture.com/
https://evolveacupuncture.org/schedule/
https://fannies-photos.com/gyik/
https://foxracing.hu/gyik/
https://hughston-armstrong.squarespace.com/take-action/,AcuPRPerformance@gmail.com,acuprperformance@gmail.com
https://jonathan-nobleza.squarespace.com/,jonny@rootsourcemedicine.com
https://justin-garcia-7739.squarespace.com/patient-portal-1/,justingarcia@st-36.com
https://kengacupuncture.com/
https://kierstin-andresen-bbw6.squarespace.com/rsvp/,kierstin@centerlifehealth.com
https://kovessi-iskola.hu/osn_akupunktúra/
https://maire-cahoon-27t4.squarespace.com/schedule-now/,malahealingarts8@gmail.com
https://malatesta.hu/hagyományos_kínai_orvoslás/
https://melissaberg-acupuncture.com/schedule/
https://naturellabt.hu/kapcsolat/
https://olivia.la/schedule/
https://pcdragonacu.com/schedule/
https://sarasotaacupunctureclinic.com/schedule/
https://shoshana-uribe.squarespace.com/visit/,info@manzanitawellness.com
https://tyler-white-habx.squarespace.com/booking/,tyler_white@alumni.brown.edu,HolisticAcupunctureNYC@gmail.com
https://www.abundant-splendor.com/contact/,joann.noriko@gmail.com,noriko@gmail.com
https://www.atomicsnow.hu/
https://www.bodajk16.hu/
https://www.coldlasertherapyaz.com/contact/,hiddenrhythm@mac.com,Hiddenrhythm@mac.com
https://www.corleone.hu/
https://www.drbubo.hu/
https://www.ma-is.hu/
https://www.ohanaholisticpractice.com/patient-portal/,info@ohanaholisticpractice.com,wixofday@wix.com
https://www.qicargo.com/,info@qicargo.com
https://www.roka.hu/
https://www.soulfulhealingandcounsel.com/book-online-1/,athenadesai@gmail.com,wixofday@wix.com
https://www.spiritbrandacupuncture.com/contact/,contact@spiritbrandacupuncture.com,spiritbrand@outlook.com
https://www.usbmemoria.hu/
https://www.yinyanglabs.com/new-patient-paperwork/
