https://www.newyorkacupuncturecenter.com/,treeoflifeacupuncturepc@yahoo.com
https://hudsonmedical.com/wellness/, hello@hudson-wellness.com,info@hudsonmedical.com,hello@hudson-wellness.com,billing@hudsonmedical.com
https://www.acunut.com/,info@acunut.com,jmoffitt@acunut.com,njmoffitt@acunut.com
https://www.vitalitymeditation.com/,erynjohnsonfreelance@gmail.com,franchesca.isaac@gmail.com,vskinmakeup@gmail.com,healinghaylee@gmail.com,chill@vitalitymeditation.com,isaac@gmail.com,chill@VitalityMeditation.com,Chill@VitalityMeditation.com
https://www.acupunctureandherbs.com/
https://www.caitdonovan.com/
https://scottsdaleintegrativeacupuncture.com/,hello@scottsdaleintegrativeacupuncture.com
https://yinandyarrowacupuncture.com/
https://www.ninaprice.com/,info@divijewelers.com
https://angela-noelle-international.mykajabi.com/,snowanm@gmail.com
https://www.wooreeacupuncture.com/,acuwooree@gmail.com
https://www.wellbornlifestyles.com/,wellbornlifestyles@gmail.com,Wellbornlifestyles@gmail.com
https://aculifeaurora.business.site/
https://www.constellationacu.com/,info@constellationacu.com
https://songbirdacupuncture.com/,arden@songbirdacupuncture.com
https://www.sustaininghealthacupuncture.com/,office@sustaininghealthacupuncture.com,wixofday@wix.com
https://irishhillswellness.com/
https://www.rababalamin.com/,HuntValleyAcu@gmail.com,huntvalleyacu@gmail.com
http://www.acuherb.net/,info@mydomain.com
http://www.laurielizabeth.com/,lauri@onkodoclinic.com
https://acupuncturebuffalo.com/,hello@acubuffalo.com
https://mindfulhealthacupuncture.com/
http://www.jeremylinquistacupuncture.com/,ac@gmail.com
http://aphealingarts.com/,drpanettiere@gmail.com
https://newyorkacupuncturecenter.blogspot.com/,treeoflifeacupuncturepc@yahoo.com
https://allaboutu-tacoma.com/,chirodoc07@gmail.com,aauspa@gmail.com
https://www.phoenixacupuncture.co.uk/,susan.acu@outlook.com,acu@outlook.com
https://www.mattpesendian.com/,wixofday@wix.com
https://pokeypractice.com/
https://www.anodyneacupuncture.com/
https://www.katejohnstonacupuncture.com/
http://laurafarb.com/
http://www.easterntraditionsacupuncture.com/,info@easterntraditionsacupuncture.com
https://www.learntruehealth.com/acupuncture/,support@learntruehealth.com
http://www.austinfamilycareacupuncture.com/
https://valleysportsacu.com/
https://pacifichealthacupuncture.com/,health@pacifichealthacupuncture.com
https://www.lawellness.com/,info@lawellness.com,info@LAwellness.com
https://vancouverwellnessstudio.com/acupuncture-chinese-medicine/,summer@vancouverwellnessstudio.com,info@vancouverwellnessstudio.com,Info@vancouverwellnessstudio.com
https://innatebeingtherapies.com/,holly@innatebeing.com
http://mangoacupuncture.com/,emma@mangoacupuncture.com
http://www.5elementsacu.com/,5elementsacup@gmail.com
https://linktr.ee/amykuretsky/
https://superhumanacademy.com/podcast/chi-yoga-acupuncture-w-expert-tiffany-cruikshank/,//,support@superhumanacademy.com,info@viniyoga.com
https://igniteyourlifeacupuncture.com/
https://us11.campaign-archive.com/?u=db890d8659c3b6b0cb9bce38f&id=5020176c24/
https://app.acuityscheduling.com/schedule.php?owner=13052016/
https://www.wellnesscollectiveaz.com/,hello@wellnesscollectiveaz.com,wixofday@wix.com
http://www.sol-centered.com/,solcenteredca@gmail.com
https://sereneearth.com/,info@sereneearthacupuncture.com
https://www.suzannetapper.co.nz/
https://calyxaustin.com/acupuncture/,calyxaustin@gmail.com
https://buff.ly/2VSypSh/
https://www.yourtango.com/experts/judith-boice/how-to-fall-asleep-faster-using-essential-oils-for-sleep/,
http://www.thriveacu.com/,thriveacuohio@gmail.com
https://www.alanlongcroft.co.uk/,acupuncture@gmail.com
https://wellcollab.com/,hello@wellcollab.com
https://www.danengacupuncture.com/,wixofday@wix.com
https://www.wildblossomacu.com/,kathryn@wildblossomacu.com
https://www.crocushillacupuncture.com/contact/,contact@crocushillacupuncture.com
https://pr.business/morning-bell-acupuncture-clinic-winter-park-florida/,citations@pr.business,listingssupport@pr.business
https://www.painfreeslc.com/,rachel@painfreeslc.com
http://milwaukeecommunityacupuncture.org/other-services/,info@milwaukeecommunityacupuncture.org
https://www.keyworddensitychecker.com/site/milwaukeecommunityacupuncture.com/,amberhealingarts@mail.com,abuse@godaddy.com
https://www.dexknows.com/new_york-ny/acupuncture-and-acupressure/
https://threebestrated.com/acupuncture-in-lexington-ky/,info@bluelotushealth.com,info@streampointwellness.com,office@sustaininghealthacupuncture.com,support@threebestrated.com
https://site-stats.org/milwaukeecommunityacupuncture.org/,domainabuse@tucows.com,abuse@godaddy.com,abuse@web.com,abuse@namecheap.com,contact@publicdomainregistry.com,abuse@ionos.com,legal@fastdomain.com,someone@example.com,net@squarespace.com,noc@cloudflare.com,compliance@google.com,team@endurance.com,contact@amazon.com,abuse@amazonaws.com,ipadmin@liquidweb.com,hostmaster@datafoundry.com,milwaukeecommunityacupuncture@gmail.com,info@milwaukeecommunityacupuncture.org
http://www.innerphoenixacupuncture.com/
http://event.a1e0.squarespace-mail.com/?ref=I2UAAAS-aCY6qC04_p6RdYJ05Ol1trlAAQAAAAyTVmb8KnzIjB20LDjSO9sohhJ06z9nBoJkJVz71fDhPNPBTY_YTpf6rOAZLDO6Ts_umBQnDTtH3sHLfbvZcf5xJjdgH6ZGRJXUXpVa2308UQB5MKlBz7Gb3eRq1ozDMPlUnhC-k6UOfbO1n3f6mwK243GHS5ZDm1SXMPr_0Ht2uv14zgcGDlN8P2vCXDcEOOKmBU8Q7obMSjwhoc3xVQz96ypkmxfAH9KH2bhh38Ds0YU71nakeyDwwMYBqyyvRUd4w_Ok6YVFOqD7UJ5eYCsGhEgdvnIXZysbrKPH9j8K/
https://www.cylex.us.com/new-york/acupuncture.html/,info@cylex-usa.com
https://threebestrated.ca/acupuncture-in-aurora-on/,info@aculife.ca,info@happyfamilywellness.ca,armatahealth@gmail.com,support@threebestrated.ca
https://www.mcphs.edu/admitted-students/worcester/events/,webservices@mcphs.edu
https://elizabethtrattner.com/facial-rejuvenation-acupuncture/
https://www.yogaconnectsmke.com/myofascial-release.html/
https://www.angelanoellemartin.com/,snowanm@gmail.com
http://www.acupuncturecollege.org.uk/info/treatment/practitioner-clinic/,admin@cicm.org.uk
http://prlog.ru/analysis/newyorkacupuncturecenter.com/,abuse@web.com
https://www.gothamholistic.com/,info@gothamholistic.com
https://www.pointzeroacupuncture.com/,daxx@pointzeroacupuncture.com
https://www.dayhoffacupuncture.com/,drdayhoff@gmail.com
https://www.kwrightmassage.com/,karzi15@yahoo.com
https://thechieflife.com/168-acupuncture/,matty@thechieflife.com
https://wafrc.biz/,Ann@WellnessAcupunctureRedding.com
https://acupuncturenorthleeds.co.uk/
http://www.emergingenergy.net/blog/,maryclaire.dilks@cox.net
https://urbansanctuary.studio/
https://www.reverieacupuncture.com/services/,jess@reverieacupuncture.com
https://www.fertilityacupuncture.me/
https://www.dennyfamilywellness.com/,dennychiropractic@gmail.com,wixofday@wix.com
https://eastwindclinic.com/,shane@eastwindclinic.com
http://www.angelhands.ca/category/acupuncture/,mihael@angelhands.ca,optout@endurance.com,privacy@endurance.com
https://www.tworootsacupuncture.com/,tworootsacupuncture@gmail.com,TwoRootsAcupuncture@gmail.com
https://www.health-foundations.com/calendar/2dz7y4btkdyasyzth2rgcjc24wetpx/,info@health-foundations.com
https://fiveshen.com/five-element-acupuncture/,info@fiveshen.com ,justinehrlichlac@gmail.com,info@fiveshen.com
https://www.au-e.com/site/acupuncturehealthcalgary.com/,ahc@acupuncturehealthcalgary.com,abuse@godaddy.com
https://www.trianglecrc.com/raleigh-chiropractor-acupuncture-postpartum-rehabilitation-services/
https://sellwoodmoreland.com/event-business-offers/health-information-beacon-acupuncture/,info@sellwoodmoreland.com
https://www.circleca.com/ceus-at-circle-ca/,info@circleca.com
https://www.delmarim.com/services/acupuncture/,delmarimoffice@gmail.com
https://www.phoenixrisingacu.com/services/,info@phoenixrisingacu.com
https://www.keywordssuggestion.com/site/acupuncturehealthcalgary.com/,ahc@acupuncturehealthcalgary.com,abuse@godaddy.com
https://www.thespringmeditation.com/events/2018/11/wellness-workshop-acupuncture-su-jung-lee/,info@thespringmeditation.com,info@thspringmeditation.com
https://www.amykuretsky.com/events/bw-for-acus/,info@amykuretsky.com,amy@amykuretsky.com
https://villagewellness.net/classes-events-wayne-maineline-philadelphia/spring-yin-yoga-meditation-online/,BeWell@VillageWellness.net,bewell@villagewellness.net,darthapo@gmail.com,emn178@gmail.com
https://fromept.com/exercise-for-a-healthy-back/
http://www.thespringnaturalhealth.com/acupuncture/,info@thespringnaturalhealth.com,mollenhoffacupuncture@gmail.com,Taylor@thespringnaturalhealth.com
https://woodstockhealingarts.com/acupuncture/, appointments@woodstockhealingarts.com, Acup23@yahoo.com,info@woodstockhealingarts.com,appointments@woodstockhealingarts.com,Acup23@yahoo.com
https://www.linkmio.com/site/acupuncturehealthcalgary.com/,ahc@acupuncturehealthcalgary.com,abuse@godaddy.com
https://www.macu.ie/,eoin@macu.ie,wixofday@wix.com
https://www.thelunahive.com/tag/acupuncture-surrey/page/2/
https://www.healingpointtherapeutics.com/pricing/,healingpointtherapeutics@gmail.com,darthapo@gmail.com,emn178@gmail.com
https://www.water-bar.org/events/2018/5/1/yoga-acupuncture-with-tatum-fjerstad-constellation-healing-arts-r6ekw-sdm2b-8ak2n-9cz28-b3wsf-hdw5n-t2lj8/,colin@rafttogether.org,hello@water-bar.org
http://www.devhfb.com/seotool/en/domain/mollenhoffacupuncture.com/,abuse@godaddy.com,COM@domainsbyproxy.com,wixofday@wix.com
https://www.whichdoctor.com/practitioners/511-cranbrook-acupuncturist-chinese-medicine/,info@whichdoctor.com
http://www.katemcdougall.com/blog/?tag=norwich-clinic/
https://www.natalievail.com/services/
https://www.kayentahomes.com/kayenta-connection-april-2019/
https://caitdonovanacupuncture.com/,cait@caitdonovan.com
http://flourishacustudio.com/schedule/,isaac@gmail.com
https://modern-acupuncture.ca/,erryn@modern-acupuncture.ca
https://www.seedtostar.com/lauragreiner/,Laura@seedtostar.com
https://www.thehivecheltenham.com/events/2020/2/29/free-wellness-workshop/,hello@bloom-cheltenham.co.uk,studio@thehivecheltenham.com
https://circleofhealthlongmont.com/blog/medical-research-shows-acupuncture-effective-for-the-treatment-of-ptsd/
https://www.zensanctuary.com/
https://www.keyword-rank.com/site/rinconchiro.com/,appointments@rinconchiro.com,abuse@godaddy.com
https://www.nourishingalchemy.net/acupuncture/,jem@nourishingalchemy.net
http://hearttohandhealing.com/wellcollaborative/
https://www.sitesinformation.com/site/schedule-now.net/
https://www.wildisland-collective.com/new-events/2019/11/14/replenish-conscious-recovery-amp-restorative-acupuncture-workshop/
http://firehorse-acupuncture.com/,lisaellislac@gmail.com
https://www.tatumfjerstad.com/workshops/2017/11/22/yin-yang-yoga-acupuncture/,tatummarie@gmail.com,info@tatumfjerstad.com
https://www.prestigehealthwellness.com/services/acupuncture/,admin@prestigehealthwellness.com
https://deminieclassicalacupuncture.com/,mary@deminieclassicalacupuncture.com
http://www.acupunctureforallsa.com/whole-woman-whole-world/
https://www.selph.com.au/5-reasons-to-try-acupuncture/,hello@selph.com.au,hello@selph.com,marketing@selph.com.au,marketing@selph.com
https://www.paulettereesdenis.com/2018/10/10/heart-and-hustle-with-acupuncturist-jennifer-mason-episode-43/
https://www.websiteperu.com/search/attune-wellness/
https://vibrantlifeacupuncture.com/
https://oneacupuncture.co.uk/contact/,alison@oneacupuncture.co.uk
https://kalipatrick.com/2012/11/11/acupuncture-for-the-needle-phobic/,kalisleepcoach@gmail.com
https://naturalpainsolutions.com.au/practitioners/
https://www.keyworddifficultycheck.com/search/athlete's-touch/
https://www.katlovesacupuncture.co.uk/
https://connorwellnessclinic.com/acupuncture/
https://firebirdhealingarts.com/events/januarywellness-y37z8/,hello@firebirdhealingarts.com
http://bostonacupunctureproject.org/category/news/,contact@bostonacupunctureproject.org
https://www.topratedlinks.com/hylthlink-interview-brad-smith-kathleen-ellerie-beachside-acupuncture/,HylthLink@gmail.com,,360kravmagatn@gmail.com
https://www.thehelixclinic.com/helix-blog/category/Acupuncture/,business@helixih.ca
https://www.bulawellness.com/appointments.html/,jodi@bulawellness.com,drjodi@bulawellness.com
https://mammametime.com/services/maternity-acupuncture/
http://balancedbirthsupport.com/uncategorized/acupuncture-pregnancy-labor-birth/,fertileliving@gmail.com,info@BalancedBirthSupport.com
https://porpoise-radish-yrmw.squarespace.com/services/acupuncture-wd3ee-tyb8c-zrmys/
https://skinrenewalmedspa.ca/acupuncture/
http://themorningherald.com/news/houston-tx-acupuncture-for-mothers-day-deluxe-treatment-packages-launched/0153350/
https://backpainrc.com/the-great-challenge-chiropractic-adjustments-vs-acupuncture-vs-nsaids/,relief@backpainrc.com
http://www.new-moon-acupuncture.com/treatment-types/,newmoonacu@gmail.com
http://www.lightforcehealth.co/the-denver-recovery-lounge.html/,amandaglenn81@gmail.com
http://aculemp.com/,aculemp@gmail.com
https://www.mandylaingacupuncture.com/book-1/,mandy.laing@icloud.com,mandylaing@icloud.com,laing@icloud.com
https://thepointdenver.com/blog/affordable-fertility-testing/,katherine@thepointdenver.com
https://www.farnhamacupuncture.co.uk/booking/
https://www.seasidefamilyacupuncture.com/events/,info@TheYogaLoftMarblehead.com,zoe@seasidefamilyacupuncture.com,Zoe@SeasideFamilyAcupuncture.com,Info@TheYogaLoftMarblehead.com
https://hannahwesttherapies.com/massage-news-brighton-and-hove/dry-needling/,hannah@hannahwesttherapies.com
https://www.acupunctureincheltenham.co.uk/,emilygannacupuncture@gmail.com,wixofday@wix.com
https://capitolrehabofarlington.com/tag/acupuncture/,officestaff@capitolrehabofarlington.com
https://www.wellspringsnaturalhealth.com/acupuncture/,wellspringsnaturalhealth@gmail.com
https://www.innerstrengthacupuncture.com/,monicagwalters@gmail.com
http://www.lovecommunityacupuncture.net/helpful-information/opening-hours/,%6co%76%65%63om%6d%61cu@%67%6dail.co%6d,l%6f%76%65%63om%6d%61c%75@%67mail.%63%6fm,lovecom%6d%61cu@%67%6dail.com,clinic@nca.ac.uk,lov%65comm%61%63u@gma%69%6c%2ec%6f%6d,lov%65commacu@gm%61il%2ecom,lov%65%63om%6dacu%40gma%69l%2eco%6d
https://eightbrancheshealing.com/schedule/,eightbranches@gmail.com
https://www.heartseedhealth.com/blog/facial-acupuncture-now-available/,noah@heartseedhealth.com
https://amyshouseacupuncture.com/blog/
https://www.drelly.ca/solutions/
https://pelviswellnessmethod.com/carinecamara/,info@pelviswellnessmethod.com
https://www.acupuncturedc.com/book-now/,info@alexandraknox.com
https://www.rinconchiro.com/swedish-massage/,appointments@rinconchiro.com
https://sacredgrove.com/2019/09/06/animal-acupuncture/,maribeth@sacredgrove.com
https://www.mywellness.net.au/traditional-medicine/,hello@mywellness.net.au
http://recentdiscovery.com/news/houston-tx-acupuncture-for-mothers-day-deluxe-treatment-packages-launched/0153350/
https://alisonardenacupuncture.com/what-is-sciatica-and-how-to-manage-it/,balance@claudiawilliamson.co.uk,louisa@louisahavers.com,claire@claireamos.co.uk,emma@thechiropracticroom.co.uk,tejen_m@hotmail.com,info@beautetherapy.co.uk,enquiries@serenitytherapies.com,info@aquavie.co.uk,traceycampbell@clara.co.uk,floanastasiou@live.co.uk,hello@puretherapiestw.com,gabrielle@zenbirth.co.uk
https://www.alchemy-apothecary.com/workshops-classes-events/2018/2/16/restorative-meditation-with-acupuncture-245at-yzh8c/,Hello@ALCHEMY-APOTHECARY.COM
http://travelleisuremag.com/news/houston-tx-acupuncture-for-mothers-day-deluxe-treatment-packages-launched/0153350/,sales@travelleisuremag.com
https://thetreatmentspace.co.uk/blog-1/tag/acupuncture/,hello@thetreatmentspace.co.uk
https://www.headstartclinics.co.uk/services/medical-acupuncture/
http://thenextdaily.com/news/houston-tx-acupuncture-for-mothers-day-deluxe-treatment-packages-launched/0153350/,sales@thenextdaily.com
https://www.thewaytohealthyliving.com/events/2019/9/28/sampler-saturday-event/,Selina.Uglow@thewaytohealthyliving.com,Uglow@thewaytohealthyliving.com
https://www.acuhabit.com/acupuncture-sessions/,hello@acuhabit.com
https://zensanctuary.warderbodywork.com/acupuncture.html/
https://www.wpacu.com/,info@wpacu.com
https://www.cocreatecommunity.com/episode-5-patrick-boswell-new-life-acupuncture/,hello@cocreatecommunity.com
http://stillsurge.com/news/houston-tx-acupuncture-for-mothers-day-deluxe-treatment-packages-launched/0153350/
https://ivfcoachingclinic.com.au/podcast/acupuncture-and-chinese-herbal-medicine-new-york-style/,sophia@ivfcoachingclinic.com.au,sophia@ivfcoachingclinic.com,name@domain.com
https://fengshuicreative.com/align-your-chi-with-free-acupuncture/chi/,susan@fengshuicreative.com,SUSAN@FENGSHUICREATIVE.COM
https://risinglotuscasper.com/2019/03/13/how-does-acupuncture-work/
https://www.oceansandrivers.com/acupuncture/,lzfaunt@oceansandrivers.com
https://www.montereybirthcenter.com/acupuncture/,info@montereybirthcenter.com,office@parishealingarts.com,
https://www.visassimply.com/anzsco/252211/
https://mysticalpopups.com/new-events/,mysticalpopups@gmail.com
https://www.elainagreenberg.com/acupuncture/,elainagreenberg@gmail.com
https://bluesoulearth.com/sf-based-spiritual-healing-with-readings-acupuncture-sound/,info@bluesoulearth.com
https://anappleaday.net.au/fertility-acupuncture-nuwa/
https://www.earthmotherstarchild.co.uk/bookings?lightbox=dataItem-jpab51i6/
https://www.originalspirithealingarts.com/acupuncture-herbs-internalarts/,drcass@originalspirithealingarts.com
https://www.loveacupunctureclinic.com/post/january-2020-a-time-to-create-change/
https://carinecamara.com/blog/4-ways-to-have-a-pain-free-period/
https://lasportsacupuncture.com/make-an-appointment/,jorga@lasportsacupuncture.com
https://www.absoluteacupuncture.com/acupuncture-appointment/, wynneacu@gmail.com,julie@absoluteacupuncture.com,wynneacu@gmail.com
https://smithfieldchiropractic.com/acupuncture/
https://www.ancienthealthandhealing.com/book-now-acupuncture/
http://www.norwichfertility.co.uk/our-therapies/acupuncture.aspx/,info@fertilitynorwich.com,norwichnaturalfertility@gmail.com,kate@fertilitynorwich.com,emily@fertilitynorwich.com
http://maryfletcherburke.com/about-3/,mary@maryfletcherburke.com
http://www.melissamariemonroe.com/navigating-difficult-emotions-with-yoga-and-acupuncture/
https://spatherapy.uk/acupuncture/,info@spatherapy.uk,dougie@spatherapy.uk
https://vitalpointacupuncture.com.au/contact-us-2/,info@vitalpointacupuncture.com.au,info@vitalpointacupuncture.com
https://www.lifegateliving.com/services/
https://mayagunnison.com/book-online/,ahimsawellness@outlook.com
https://www.healthrediscovered.co.uk/reynaulds-disease-phenomenon/,info@acupunctureglasgow.co.uk,info@healthrediscovered.co.uk
https://www.pinitupacu.com/schedule-appointment/,client@pinitupacu.com
https://purple-grapefruit-6dw5.squarespace.com/,tworootsacupuncture@gmail.com,TwoRootsAcupuncture@gmail.com
http://www.carabeckinsaleacupuncture.com/fees/,acupuncture@carabeckinsale.com
https://www.livewitheasewellness.com/,kate.acupuncture@gmail.com,acupuncture@gmail.com
https://www.healingroutines.net/upcoming-events/2019/9/23/fall-into-balance-yoga-acupuncture-amp-life-coaching-workshop/,healing.routines@gmail.com,routines@gmail.com
https://serenechiropractic.com/acupuncture/,serenechiropractic1@gmail.com
https://flowation.com/soulpreneurs/united-states/north-carolina/asheville/sacredembodiment/nourishing-alchemy-healing-arts/,jem@nourishingalchemy.net
http://kayakaway.com/news/houston-tx-acupuncture-for-mothers-day-deluxe-treatment-packages-launched/0153350/
http://davisacupuncture.com/TempClosure2.html/
https://www.joychivet.com/veterinary-medical-manipulation-and-how-it-compare-to-veterinary-chiropractic/,vetreceptionist@bross.com,joychiveterinaryacu@gmail.com
https://www.lindsaymacdougall.com/blog/2018/9/16/acupuncture-works-heres-the-treatment-plan/
https://onthefrontlines.us/resiliency-resources/,william.mazur@acadiahealthcare.com,joe.collins@acadiahealthcare.com,UBHCcop2cop@umdnj.edu,impallari@gmail.com,mazur@acadiahealthcare.com,collins@acadiahealthcare.com
https://www.healinglightfamilyacupuncture.com/sacred-spirit-rising/,tina@radianceofthewomb.com,HealingLightFamilyAcupuncture@gmail.com
https://norcalintegrativemedicine.com/diabetes/the-root-cause-of-diabetes-is-not-being-addressed/
https://dralanahendrickson.com/services/acupuncture-electroacupuncture/,alana@dralanahendrickson.com
https://longlivebeauty.com/,michelle@betterangelsacupuncture.com
https://aculife.ca/treatments/pulse-diagnosis/
https://adkwellnessgroup.com/page/cosmetic-acupuncture/
https://bouldereastwestacupuncture.com/prices/,acuaQui@gmail.com,info@bouldereastwestacupuncture.com
https://www.mcandrewchiropractic.com/techniques/traditional-acupuncture/,mail@mcandrewchiropractic.com
http://www.stoneburneracupuncture.com/schedule-now/,stoneburneracupuncture@gmail.com,stoneburneracupuncture@email.com
http://soccerout.com/news/houston-tx-acupuncture-for-mothers-day-deluxe-treatment-packages-launched/0153350/
https://sayrevetacupuncture.com/contact-us/,contact@zenpet-vet.com,%20contact@zenpet-vet.com
http://sweeneysgym.com/massage-therapy-live-oak-health/
https://www.rootandbranchfitness.com/event-info/wine-not-wednesday-4-julia-walls-lac-with-pathfinder-wellness-acupuncture/,info@rootandbranchfitness.com
https://www.energyartsacupuncture.com/,tagan@energyartsacupuncture.com,wixofday@wix.com
https://www.mollenhoffacupuncture.com/events-page/,wixofday@wix.com
http://tracyandrewsacupuncture.com/new-blog-1/2020/5/14/cultivating-resilience-sliding-scale-group-sessions/,tracy@tracyandrewsacupuncture.com
https://www.allcreatureseveryspine.com/acupuncture/,Admin@AllCreaturesEverySpine.com
https://www.yogagracevt.com/events/fire-bristol/,jen@yogagracevt.com
http://www.affordablenaturalhealth.com/events/,ashland.communityacupuncture@gmail.com,communityacupuncture@gmail.com
https://www.freshspiritualwellness.com/acupuncture-reiki-combo/,amanda@freshspiritualwellness.com,wixofday@wix.com
https://www.zaleyacupuncture.com/appointments/,pzaley@gmail.com,pam@zaleyacupuncture.com
https://haringeyosteopaths.com/medical-acupuncture/,haringeyosteopaths@gmail.com,HaringeyOsteopaths@gmail.com
https://impowerwellness.com/events/2019/6/29/culver-city-acupuncture/,theroaminghealer@gmail.com
https://invigorateacupuncture.com/schedule-appointments/,kate@invigorateacupuncture.com,Cassie@invigorateacupuncture.com
http://alisonmendyka.com/tag/acupuncture/
https://rabab-alamin.squarespace.com/blog/,HuntValleyAcu@gmail.com,huntvalleyacu@gmail.com
http://www.acupuncturequeens.com/
https://www.canberraacupuncture.com.au/body-align/,info@canberraacupuncture.com.au,info@canberraacupuncture.com,info@canberraacupunture.com
https://meridianwell.com/contact/,lcoullacupuncture@gmail.com,Lindsay@LatitudeWell.com
https://www.midletonacupuncture.ie/booking/,info@midletonacupuncture.ie
https://www.spiritgatela.com/schedule/,hello@spiritgatela.com
https://www.maleriegiaimo.com/labor-acupuncture/,malerie@maleriegiaimo.com,Malerie@SourceMedicinalArts.com
https://www.twotreeshealing.com/services/,twotreeshealing@gmail.com,TwoTreesHealing@gmail.com
https://www.alchemealcove.com/,wixofday@wix.com
https://www.sheirachanacupuncture.co.uk/fertility-and-ivf-support/,sheirachan@yahoo.com,wixofday@wix.com
https://solasequine.com/equine-chiropractic-acupuncture/,info@solasequine.com
https://lotusflowercorporatewellness.com/off-the-clock/,info@lotusflowercorporatewellness.com
http://www.fivegracesacupuncture.com/welcome-1/,algneb@gmail.com,andrea@balancecharleston.com
http://www.spasmacupuncture.com/blog/the-office-is-open/,miki@spasmacupuncture.com
https://drdanettbean.com/more-than-acupuncture/,entertheaddress@example.com,tyreedavis86@yahoo.com,info@drdanettbean.com
https://elisi-choi.squarespace.com/,acuwooree@gmail.com
https://nikkihawkes.com/make-appointment/,admin@yoursite.com
http://www.lovethepoint.com/whats-the-point.html/
https://www.dawnbehm.com/blog/tag/Acupuncture/,heartnatureoils@gmail.com
https://revivetherapeutic.org/810-2/
https://www.mendacu.com/acupuncture/,Molly@MendAcu.com
https://www.bodyclinicstannes.com/acupuncture-recommendations-by-the-nhs/,thebodyclinic@outlook.com
https://jointhealthclinic.com/medicalacupuncture/,grit@jointhealthclinic.com
https://smba.squarespace.com/event-business-offers/health-information-beacon-acupuncture/,info@sellwoodmoreland.com
https://kat-love-52pn.squarespace.com/
https://www.classicalacupuncturenc.com/book-now/,classicalacupuncturenc@gmail.com
https://acudaerr.com/
https://plum-lion-j5p3.squarespace.com/book-now/,classicalacupuncturenc@gmail.com
https://www.londonsofttissuetherapy.com/treatments-and-costs/medicalacupuncture/,info@londonsofttissuetherapy.com
http://www.heartandhealthacu.com/workshopsforhealers.html/,miranda@heartandhealthacu.com
https://www.annshellay.com/acupuncture-pine-hills/
https://www.evergreenmassagewellness.com/acupuncture/,wixofday@wix.com
https://eastmesaacupuncture.com/bart-vermilya/
https://marisa-fanelli-44tp.squarespace.com/pricing/,healingpointtherapeutics@gmail.com,darthapo@gmail.com,emn178@gmail.com
https://lance-isakov-aact.squarespace.com/checkin-with-lance/,BeWell@VillageWellness.net,bewell@villagewellness.net,darthapo@gmail.com,emn178@gmail.com
https://health-foundations.squarespace.com/calendar/2dz7y4btkdyasyzth2rgcjc24wetpx/,info@health-foundations.com
http://putnampoint.com/chronic-pain.html/
https://johannas-acupuncture.com/,j@johannas-acupuncture.com, j@johannas-acupuncture.com
http://westleighacupunctureandmassage.com.au/wp/,nicole@westleighacupunctureandmassage.com
https://www.wholenessoftheheart.com/esoteric-acupuncture-sessions/
https://empowered-wellness.squarespace.com/blog/tag/nofilter/,hello@scottsdaleintegrativeacupuncture.com
https://limitlesspoweracu.com/tag/tcm/
https://kim-christensen-3fpw.squarespace.com/energy-medicine/,info@constellationacu.com
https://painfreeacupuncture.squarespace.com/acupuncture-pain-research/2018/8/28/decoding-an-ancient-therapy/,rachel@painfreeslc.com
http://lilli-ho.squarespace.com/,5elementsacup@gmail.com
https://maryclaire-dilks.squarespace.com/blog/category/Healthy+Lifestyle/,maryclaire.dilks@cox.net
https://www.healingdaoacupuncture.com/nature-connection?lightbox=dataItem-ivfp3eju/,eirik@healingdaoacupuncture.com
https://www.mskwellcare.com/contact/,mskwellcare@gmail.com
https://www.sarahmajoracupuncture.com/testimonials-new/
https://michael-hartlaub.squarespace.com/,thriveacuohio@gmail.com
https://amy-severinsen-mvld.squarespace.com/other-services/,info@milwaukeecommunityacupuncture.org
https://riccardo-galeotti.squarespace.com/body-align/,info@canberraacupuncture.com.au,info@canberraacupuncture.com,info@canberraacupunture.com
https://saxophone-begonia-baat.squarespace.com/
https://daisy-goldfish.squarespace.com/calendar/2019/8/21/community-acupuncture-dfhmm-gfjmr/,calyxaustin@gmail.com
https://vancouverwellnessstudio.squarespace.com/acupuncture-chinese-medicine/,summer@vancouverwellnessstudio.com,info@vancouverwellnessstudio.com,Info@vancouverwellnessstudio.com
https://www.cloudworksinteractive.com/
http://kate-kronisch.squarespace.com/,info@easterntraditionsacupuncture.com
https://phoenix-rising-acupuncture.squarespace.com/houston-wellness-events/acupressure-for-labor-birth/,phoenixrisingacu@gmail.com,lori@phoenixrisingacu.com
https://rachael-brody-gdhg.squarespace.com/acupuncture-1/,noah@heartseedhealth.com
https://alchemyapothecary.squarespace.com/workshops-classes-events?category=workshops/,Hello@ALCHEMY-APOTHECARY.COM
https://myofascialhealingservices.com/services/
https://sphere-minnow-m7n5.squarespace.com/traditional-chinese-medicine/,hello@mywellness.net.au
https://tatumfjerstad.squarespace.com/workshops/2017/11/22/yin-yang-yoga-acupuncture/,tatummarie@gmail.com,info@tatumfjerstad.com
https://www.joysoma.com/,info@joysoma.com
https://www.taossquareacupuncture.com/services.html/
http://www.thpclinic.com/,lexy@thpclinic.com,sue@thpclinic.com
https://68.169.100.66/experts/judith-boice/how-to-fall-asleep-faster-using-essential-oils-for-sleep/
https://deer-cobalt-ml9j.squarespace.com/,cait@caitdonovan.com
https://ece-yildirim.squarespace.com/treatment-types/,newmoonacu@gmail.com
https://indigo-trout-fdjs.squarespace.com/the-brand-edit-for-acupuncturists/,hello@acuhabit.com
https://taylor-fury.squarespace.com/acupuncture/,info@thespringnaturalhealth.com,mollenhoffacupuncture@gmail.com,Taylor@thespringnaturalhealth.com
https://trianglecrc.squarespace.com/raleigh-chiropractor-acupuncture-postpartum-rehabilitation-services/
https://www.maryhelenrobert.com/
https://www.points2wellness.com/copy-of-beauty-treatments/
https://molly-gendreau-83d4.squarespace.com/acupuncture/,Molly@MendAcu.com
https://smilodon-mustard-4bfx.squarespace.com/services/,info@phoenixrisingacu.com
https://www.manhattansportsacupuncture.com/on-point/san-fu-ancient-chinese-celestial-immune-boosting/,edd@ManhattanSportsAcupuncture.com
https://www.parkinsons-alzheimers-clinic.com/copy-of-tcm-acupuncture/,inic@max-tomlinson.com,max@max-tomlinson.com
http://tracyandrewsacupuncture.squarespace.com/new-blog-1/2020/5/14/cultivating-resilience-sliding-scale-group-sessions/,tracy@tracyandrewsacupuncture.com
https://apricot-pumpkin-dj3s.squarespace.com/massage-news-brighton-and-hove/dry-needling/,hannah@hannahwesttherapies.com
https://chryssa-tsakiris.squarespace.com/wellcollaborative/
https://cobalt-cone-y8cp.squarespace.com/,wellbornlifestyles@gmail.com,Wellbornlifestyles@gmail.com
https://elainagreenberg.squarespace.com/acupuncture/,elainagreenberg@gmail.com
https://fran-isaac-njqb.squarespace.com/schedule/,isaac@gmail.com
https://healingwithbridget.com/,bbourne47@gmail.com,sample@gmail.com
https://jessica-frier.squarespace.com/hours/,scheduling@birchwoodacup.com,admin@birchwoodacup.com
https://marisa-fanelli-h3jb.squarespace.com/new-events/,mysticalpopups@gmail.com
https://michaela-wood-lfd3.squarespace.com/services/,twotreeshealing@gmail.com,TwoTreesHealing@gmail.com
https://paddy-joyce.squarespace.com/medical-acupuncture/,haringeyosteopaths@gmail.com,HaringeyOsteopaths@gmail.com
https://soybean-cheetah-fcww.squarespace.com/schedule-appointment/,client@pinitupacu.com
https://stefan-grace-lac.squarespace.com/book-treatment/,12redhammers@gmail.com
https://synthesizer-lavender-5m6c.squarespace.com/acupuncture/,serenechiropractic1@gmail.com
https://toucan-rust-8zpb.squarespace.com/events/2020/2/29/free-wellness-workshop/,hello@bloom-cheltenham.co.uk,studio@thehivecheltenham.com
https://william-lee-zp7r.squarespace.com/,erynjohnsonfreelance@gmail.com,franchesca.isaac@gmail.com,vskinmakeup@gmail.com,healinghaylee@gmail.com,chill@vitalitymeditation.com,isaac@gmail.com,chill@VitalityMeditation.com,Chill@VitalityMeditation.com
http://vickyleeacupuncture.com/contact/
https://amy-kuretsky.squarespace.com/events/bw-for-acus/,info@amykuretsky.com,amy@amykuretsky.com
https://cpr-essentials.com/acupuncturist/,info@cpr-essentials.com
https://cymbals-cornet-96tw.squarespace.com/,info@lawellness.com,info@LAwellness.com
https://doclulu.squarespace.com/events?category=Acupuncture/,info@doclulu.com
https://guro-ekrann-epxt.squarespace.com/blog/2018/9/16/acupuncture-works-heres-the-treatment-plan/
https://jessica-lewis-px4g.squarespace.com/events/2019/9/28/sampler-saturday-event/,Selina.Uglow@thewaytohealthyliving.com,Uglow@thewaytohealthyliving.com
https://jessika-daniel.squarespace.com/schedule/,eightbranches@gmail.com
https://lemonlight-media-zsc7.squarespace.com/book-now/,info@alexandraknox.com
https://magenta-bell-57hk.squarespace.com/new-events/2019/11/14/replenish-conscious-recovery-amp-restorative-acupuncture-workshop/
https://marwa-osman-lcoull.squarespace.com/contact/,lcoullacupuncture@gmail.com,Lindsay@LatitudeWell.com
https://midleton-acupuncture.squarespace.com/booking/,info@midletonacupuncture.ie
https://oriole-grasshopper-4cnd.squarespace.com/contact/,contact@crocushillacupuncture.com
https://raspberry-olive-8k65.squarespace.com/events/2020/3/21/acuyoga-workshop-shifting-with-the-seasons/,Zoe@SeasideFamilyAcupuncture.com
https://stacy-fuller-8n92.squarespace.com/book-online/,ahimsawellness@outlook.com
https://tarantula-vibraphone-h78m.squarespace.com/appointments/,pzaley@gmail.com,pam@zaleyacupuncture.com
https://www.affordablecalifornia.com/is-acupuncture-a-covered-benefit-know-your-benefits/,help@affordableca.com
https://www.pointsofwellnessacupuncture.com/frederick-maryland-acupuncture/,info@pointsofwellnessacupuncture.com,isabelle@pointsofwellnessacu.com
https://www.rokcore.com/acupuncture/
