https://eastsidenaturalmedicine.com/,frontoffice@eastsidenaturalmedicine.com
https://mohari.life/,info@Mohari.Life
https://www.ltreeclinic.com/,info@lifetreeclinicmn.com
http://www.portland-acupuncturegroup.com/book-appointment/,info@portland-acupuncturegroup.com
https://marissahanthorn.com/,mmhanthorn@gmail.com
https://www.newlifeclinic.care/,hello@newlifeclinic.care
https://www.charmhealth.com/ehr/case-studies/picking-ehr-for-acupuncture-and-natural-medicine-clinic.html/
https://miholisticmed.com/holistic-healthcare/acupuncture/,Hello-GR@miholisticmed.com,GR@miholisticmed.com
https://www.iqim.org/services/community-acupuncture/,Wellness@iqim.org,info@iqim.org,wellness@iqim.org
https://www.cascadeacupuncture.org/the-dalles-booking/,heal@CascadeAcupuncture.org
https://rebelmednw.com/staff-member/khairul-bhagwandin-eamp-lac/,info@rebelmednw.com,info@rebelmed.com
https://www.jassalchiropractic.com/acupuncture/,info@jassalchiropractic.com,info@Jassalchiropractic.com
http://kumikoshirai.com/appointment/
https://www.collectivehealthcenter.com/new-year-3-mindful-steps-to-close-off-the-year/,info@collectivehealthcenter.com
https://mail.highpeakacupuncture.com/appointments/,sam@highpeakacupuncture.com
http://boiseintegratedchiropractic.com/schedule-appointment/
https://www.wildfirefamilyclinic.com/kevi-keenom/,kevi@wildfirefamilyclinic.com,hello@wildfirefamilyclinic.com
https://mail.rapidhealthresponse.com/schedule-my-appointment.php/,rapidhealthresponse@gmail.com
http://www.flownaturalhealthcare.com/services/chinese-medicine/acupuncture/,info@flownaturalhealthcare.com
https://newbridgewellness.com/services/nada-protocol-group-acupuncture/,appt@newbridgeclinic.com
https://newbridgewellness.com/services/nada-protocol-group-acupuncture/,appt@newbridgeclinic.com
https://newbridgewellness.com/services/nada-protocol-group-acupuncture/,appt@newbridgeclinic.com
https://newbridgewellness.com/services/nada-protocol-group-acupuncture/,appt@newbridgeclinic.com
https://www.kokuanutrition.com/partners/,ShelbyErinRDN@gmail.com,ShelbyErinSlenkamp@gmail.com
http://www.mediproholistichealth.com/acupuncture-appointment.html/,customersupport@mediproholistichealth.com
https://www.elementsnatmed.com/acupuncture/,elements@elementsnatmed.com,larissa@acupuncturealbanyga.com
https://sankihealth.com/book-now/,sankihealth@gmail.com
https://www.balanceaom.com/schedule-online-2/
https://eastwestintegrativemedicine.com/acupuncture/,info@eastwestimed.com
http://www.vistawellness.ca/schedule.html/
https://www.goodmedicinenhc.com/extractions/,info@goodmedicineNHC.com
https://oaklandacupunctureclinic.com/book/,info@oaklandacupuncture.com
https://acuforathletics.com/appointment/,andrew@acuforathletics.com
https://www.ponofamilyacupuncture.com/blog/,malinda@ponofamilyacupuncture.com,ponofamilyacupuncture@gmail.com
https://www.pointtohealth.com/schedule-acupuncture/
https://ascendinghopeacupuncture.com/schedule-now/,ascendinghope@gmail.com
https://www.lockhartacupuncture.com/book-appointment.html/,info@lockhartacupuncture.com
http://fit-acupuncture.com/book-an-appointment/,info@fit-acupuncture.com
https://integral-clinic.com/book-appointment-loop-office/
https://davidsonacupuncture.com/scheduling.html/
http://www.fremontacupuncture.com/schedule.html/,Fremontacu@gmail.com,fremontacu@gmail.com
http://www.acupuncturealbanyga.com/columbus-appointments/,larissa@acupuncturealbanyga.com
http://www.blossom-acupuncture.com/book-online/,jennie@blossom-acupuncture.com
https://chicory-alpaca-xhy3.squarespace.com/jonathan-ho/,hello@wildfirefamilyclinic.com,contact@jonathanholac.com
https://drabigailnd.com/blog/category/acupuncture/,cgiadmin@yourhostingaccount.com
http://althenaintegrative.com/schedule-an-appointment/
https://abetterlifeacupuncture.com/schedule/,CustService@ABLAcu.com
https://kokuanutrition.squarespace.com/partners/,ShelbyErinRDN@gmail.com,ShelbyErinSlenkamp@gmail.com
https://www.gbacu.com/contact.html/
https://www.robbwellness.com/appointment/,christina@robbwellness.com
