https://www.lionsheartwellness.com/,lionsheartwellness@gmail.com,LionsHeartWellness@gmail.com
https://www.centerholistic.com/,nancyhyton@gmail.com
https://www.eastwestacupuncturecenter.com/,ewacupuncture@msn.com
https://nourishingwomen.com/,Murciano@ConsciousFeminineMedicine.com,contact@NourishingWomen.com,Contact@NourishingWomen.com
https://www.winchesternaturalhealth.com/,wnha@winchesternaturalhealth.com
https://www.pagodaacupuncture.com/,pagodawellness@gmail.com
http://www.bouldercommunityacupuncture.com/,bouldercommunityacupuncture@gmail.com
https://www.newyorksportsacupuncture.com/
https://mpacupuncture.com/,info@mpacupuncture.com,jane@company.com,john@doe.com
https://acupunctureprofessionals.com/,chris@acupunctureprofessionals.com
http://healingartshealthcenter.com/,healingartshealthcenter@gmail.com,sabdullah@healingartshealthcenter.com
https://harlemchi.com/,Info@HarlemChi.com,pititdlo@gmail.com
https://peacefulpoints.com/,shelly@peacefulpoints.com
https://www.thepeoplesacupunctureclinic.com/,ben@thepeoplesacupunctureclinic.com
https://srinikahealing.com/,srinika@srinikahealing.com,youremail@email.com
https://eastbayfertilityacupuncture.com/
https://wnyacupuncture.com/,acupunctureworks@wnyacupuncture.com
https://olsonacupuncturegroup.com/news/this-is-a-post-with-post-type-link/
https://www.caworks.org/,wixofday@wix.com
http://organicacupuncture.com/,Cynthia@OrganicAcupuncture.com,cynthia@organicacupuncture.com
http://www.communityacupuncture.com/
https://www.bewellnatural.com/,info@bewellnatural.com,wixofday@wix.com
https://www.allwayswell.com/blog/acupuncture-for-motor-vehicle-accident-recovery/
https://www.peopleschoiceacupuncture.com/,peopleschoiceacupuncture@gmail.com,PeoplesChoiceAcupuncture@gmail.com
https://scottsdaleintegrativeacupuncture.com/,hello@scottsdaleintegrativeacupuncture.com
https://www.maunakeawellness.com/,jane@example.com
https://www.acupunctureturningpoint.ca/
https://highpointhealing.com/
http://www.worksongacupuncture.com/
https://www.holdenacupuncture.com/,robin@holdenacupuncture.com
https://chinesemedicineclinic.com/,drmahanian@chinesemedicineclinic.com
http://www.harmonyvet.com/welcome/,drlynne@harmonyvet.com,drandrea@harmonyvet.com
http://www.besthealthacupuncture.com/, amanda@besthealthacupuncture.com,amanda@besthealthacupuncture.com
http://www.quanyinclinic.com/,your@email.com,info@quanyinclinic.com
https://becalmvashon.com/,karin@becalmvashon.com
https://www.lindagruberacupuncture.com/,lindagruberacupuncture@gmail.com,LindaGruberAcupuncture@gmail.com
http://www.medicalacupuncturenutrition.com/,yukangluhua@yahoo.com
https://www.healthgaines.com/,karyla@healthgaines.com
http://www.thelightclinic.org/,info@thelightclinic.org
http://acusavvy.com/,teresa@acusavvy.com
https://www.acupuncturefamilycare.com/,info@acupuncturefamilycare.com
https://www.prweb.com/releases/2013acupuncture/allergies/prweb11041924.htm/
https://brookemoenacupuncture.com/,brookemoen@gmail.com
https://a4esuperhealers.com/home/,acuom@yahoo.com
https://bethkearnsacupuncture.com/,elizabethk@mail.com
https://energetictherapeutics.com/
http://www.gmacupuncture.com/
https://www.hillcrestacu.com/,info@hillcrestacu.com,wixofday@wix.com
https://www.lovieacupuncture.com/,Heidi@LovieAcupuncture.com
https://www.reed-acupuncture.com/
http://www.apricotgrove.com/,info@apricotgrove.com
https://www.familyroomca.com/,%20familyroomca@gmail.com,20familyroomca@gmail.com,familyroomca@gmail.com
http://www.greendragonacupuncture.com/,333gda@comcast.net
https://www.remixlife.style/about-giselle/,hello@remixlife.style
https://www.energycenterdallas.com/,info@energycenterdallas.com,ariana@energycenterdallas.com
http://juniperwellness.com/,info@juniperwellness.com,acupunctureatwork@gmail.com%0a,acupunctureatwork@gmail.com
http://acupuncturenews.blogspot.com/
https://livingwell-acupuncture.com/,msauberzweig@gmail.com
http://www.acupunctureinboulder.com/
https://www.s-acu.com/
https://www.acupunctureintribeca.com/,acupuncturetribeca@gmail.com
https://awakenacupunctureithaca.com/
http://greenlotusacupuncture.com/,maryjean@greenlotusacupuncture.com
http://www.premieracu.com/,michael@premieracu.com
https://www.sarahtaylorlac.com/
https://nanas-angelic-spa-lashes.business.site/
https://www.palouseacupuncture.com/
https://www.judithwoolfacupuncture.com/,info@judithwoolfacupuncture.com
http://www.acutherapy.us/,xilinj@gmail.com
https://www.heartcenteracu.com/,heartcenteracu@gmail.com
https://www.wnyacuhealth.com/
http://organicacupunctureportland.com/,caylychristensenlac@gmail.com
https://www.mckeechirounlimited.com/
http://www.harahealingcenter.com/
https://hockingdean.wixsite.com/medical-clinic/
https://windroseacupuncture.com/,julie@windroseacupuncture.com
http://acupunctureprofessionals.blogspot.com/,oumuhai@gmail.com
http://organichealthinstitute.com/,drflynn@organichealthinstitute.com
https://www.hollygoguen.com/,hgoguen@gmail.com,info@hollygoguen.com
https://threebestrated.ca/acupuncture-in-north-vancouver-bc/,zahraacupuncture@viziamail.com,drmahanian@chinesemedicineclinic.com,holyfamily.ah@gmail.com,support@threebestrated.ca,ah@gmail.com
http://www.ginkgoacupuncture.net/,ginkgoacupuncture@gmail.com
https://pacificbridgewellness.com/,info@pacificbridgewellness.com
https://sites.google.com/site/clinicamit/home/
http://heavenlystems.com/,melissa@heavenlystems.com
https://us2.campaign-archive.com/?u=203374a1b14172406bab2f766&id=a4ff14a13c/
https://slofamilyacupuncture.com/
https://www.healingrootsacupuncture.net/
https://margotrossi.com/home.html/
http://www.ibaclinic.com/,sungkimlac@gmail.com
https://bluestemacupunctureks.com/
https://threebestrated.com/acupuncture-in-toledo-oh/,drrahman@fairwoodchiropractic.com,drframe@getwelltoledo.com,wellness@tamaratcm.com,support@threebestrated.com
https://laurenhurstacupuncture.com/
http://www.jeanduganacupuncture.com/,jedugan101@aol.com
https://www.storesonlinepro.com/store/2004507/contact/
http://jenniferwalzacupuncture.com/
https://www.yellowpages.com/san-diego-ca/mip/healing-journey-acupuncture-504925205/
http://zoegriffin.com/
https://www.aboveandbeyondacupuncture.com/appointments/,info@aboveandbeyondacupuncture.com
http://acucenter.net/
http://www.alexleddyacupuncture.com/,aleddyacupuncture@gmail.com
https://smileacupunctureclinic.com/
http://innerbalanceindy.com/,becca@innerbalanceindy.com
http://www.texasacupunctureclinic.com/
http://www.redcricket.com/services/acupuncture/
https://chrislarosaacupuncture.com/,chris@chrislarosaacupuncture.com
https://www.cityparkacupuncture.com/,cityparkacupuncture@gmail.com
https://renewwestseattle.com/,Erikahealingarts@gmail.com
http://tarafbrockman.com/
https://www.orencoacupuncture.com/
https://revida-acupuncture.com/,office@revida-acupuncture.com,john_doe@example.com
https://healthwealthandthepursuitofhappiness.simplecast.com/episodes/e4-heal-now-with-chinese-medicine-alina-sepeda-interview-qYvJ9hFc/
https://lavenita.com/
https://www.topratedlocal.com/xilin-feng-jordan-acupuncture-and-oriental-medicine-reviews/
http://www.seeinghandswellness.com/
https://sunsethealing.com/,patricia@sunsethealing.com
https://www.cylex.us.com/company/beachside-community-acupuncture-26370456.html/,info@cylex-usa.com
http://www.shenshuacupuncture.com/,acupuncture@norvajbennett.com
http://places.singleplatform.com/maunakea-acupuncture--wellness-center/menu/,maunakeawellness@gmail.com
https://www.sitelinks.info/bouldercommunityacupuncture.com/,bouldercommunityacupuncture@gmail.com
https://insurancenewsnet.com/oarticle/Halloween-Discount-at-Garden-Acupuncture-Take-25-Off-Initial-Visit-a-413283/,info@insurancenewsnet.com,subscribe@insurancenewsnet.com,sales@insurancenewsnet.com,editor@insurancenewsnet.com,admin@insurancenewsnet.com,partner@insurancenewsnet.com
https://classpass.com/studios/acupuncture-in-the-park-seattle/,chparker3@gmail.com,martell@allresponsemedia.com,jieyu@classpass.com
https://www.twelveriversmedicine.com/
https://www.bluejeanacu.com/,bluejeanacu@gmail.com
https://www.beautyseeker.com/UT/Salt-Lake-City/Acupuncture-SLC-ID-219826/
https://www.staceyaustinacu.com/
http://prlog.ru/analysis/communityacupuncture.com/,abuse@wildwestdomains.com
https://www.sdfertility.com/resources/infertility-resources/fertility-acupuncture/,info@acudoctors.com,dkeefe@myacupuncturist.com,acupuncturecontinuum@gmail.com,acupuncture4u@cox.net,julie@sdhealthylife.com,georgetteyoung@yahoo.com,eric@acupuncturesandiego.org,jp@acufertility.com,acuseitz@cox.net,skrahn@fertilelifestyle.com,frontoffice@sdfertility.com
https://www.findatopdoc.com/Expert/82735214-Kim-Peirano/5-ways-acupuncture-improves-athletic-performance/,username@example.com
https://www.fullbloomacupuncture.com/blog/fullbloom/2014/10/31/10-tips-for-a-healthy-menstrual-cycle/,maureen@fullbloomacupuncture.com
http://www.libertyvilleacupuncture.com/
http://www.tothepointga.com/
https://zipbooks.com/pros/longview-acupuncture/
http://www.johnmonteslac.com/,info@monteslac.com
https://annagoldacupuncture.com/2016/05/13/hello-world/
http://mclab.hufs.ac.kr/wiki/MathisonClemmer577/
https://www.lesliesuggettlac.com/
https://site-stats.org/quanyinclinic.com/,abuse@godaddy.com,abuse@web.com,abuse@namecheap.com,contact@publicdomainregistry.com,abuse@ionos.com,legal@fastdomain.com,someone@example.com,noc@cloudflare.com,compliance@google.com,team@endurance.com,contact@amazon.com,abuse@amazonaws.com,ipadmin@liquidweb.com,hostmaster@datafoundry.com,net@squarespace.com,lindsay@quanyinclinic.com,emailinfo@quanyinclinic.com,info@quanyinclinic.com
https://mooreacupuncture.com/
https://yellowgazeboclinic.com/about-us/our-team/acupuncture-and-tcm/richard-lobbenberg/,info@yellowgazeboclinic.com
http://www.ahimsaacupuncture.com/,christine@ahimsaacupuncture.com
http://www.acuvanture.com/,acuvanture@gmail.com
https://news.findit.com/news/1301358/garden-acupuncture-offering-25-off-fertility-consultation/
https://fourconnectionsacupuncture.com/,carolchenacupuncture@gmail.com,carolchenreview@gmail.com
http://enjoymiamibeachfl.com/services/massage-acupuncture-wellness/161-1-5-miles-away/81-med-aesthetics-miami/,info@medaestheticsmiami.com
http://clinicamit.blogspot.com/
https://www.artevaacupuncture.com/
https://rymt.ca/service/contemporary-medical-acupuncture/,massage@rymt.ca
https://www.moxacu.com/,connect@moxacu.com
https://shoplocalraleigh.org/article_type/20-on-the-20th-specials/,info@shoplocalraleigh.org,dazlace@nc.rr.com,contactus@shoplocalraleigh.org,jennifer@shoplocalraleigh.org,sarah@shoplocalraleigh.org
https://guidingneedleacupuncture.webs.com/
https://food-products.cmac.ws/east-west-acupuncture-center/1009/
https://www.qdexx.com/US/OR/Hillsboro/Naturopathic/,info@qdexx.com
http://www.thehouseofwellness.com/
http://www.michellebullard.com/
http://goldenfolkla.com/acupuncture/
http://www.kumo.proimageblogs.com/index.html/,webmaster@kumoacupuncture.com
https://www.hhccentre.com/acupuncture/,info@hhccentre.com
https://www.bodhiclassicalacupuncture.com/,info@bodhiclassicalacupuncture.com,wixofday@wix.com
https://villagewellness.net/blog/ynewellness-com20131130-off-reiki-wayne-pa-html/,BeWell@VillageWellness.net,BeWell@wayneacupuncture.com,bewell@villagewellness.net,darthapo@gmail.com,emn178@gmail.com
https://www.milehighspineandsport.com/faqs/
https://acmcenter.com/services-pain-management-weight-loss-fertility/,%6fff%69ce%40%61cmc%65nte%72.com,offi%63%65%40acm%63%65n%74%65r%2e%63om,%6fffice@acm%63%65nt%65%72%2ecom,office@acmcenter.com,%6fff%69ce@acmcent%65r.com,%6f%66f%69ce@acm%63%65n%74e%72%2ecom,of%66i%63%65%40%61%63m%63%65n%74e%72.c%6fm
https://www.integrativecosmeticacupuncture.com/,kim.peirano@gmail.com,peirano@gmail.com,Peirano@gmail.com
https://serenityacupunctureclinic.com/,jfreylac@gmail.com
http://denveracupuncture.blogspot.com/,DrMLucas@AcupunctureWoman.com
https://willowtreeclinic.com/conditions-treated/acupuncture-research/
https://drewnesbitt.ca/toronto-acupuncture-clinic-drew-nesbitt-services/
http://www.confluenceclinic.com/acupuncture--herbal-medicine.html/,info@confluenceclinic.com
https://nancyslist.org/2019/03/29/leslie-silver/,lesliesilverlac@gmail.com,Nancy@NancysList.org
https://www.au-e.com/search/medical-acupuncture-and-nutrition-inc/,yukangluhua@yahoo.com
http://www.backintouchwellness.com/ginkgoacupuncture.html/,backintouchwellnesscenter@gmail.com,ginkgoacupuncture@gmail.com
https://restorewellnessny.com/,Stacey@RestoreWellnessNY.com
https://www.activerestchiropractic.com/massage-2/,OfficeManagerARC@gmail.com
https://www.kumoacupuncture.com/contacts.html/,webmaster@kumoacupuncture.com
http://www.gothamcityacupuncture.com/welcome/,info@gothamcityacupuncture.com
http://www.acupuncturebloorwest.com/,massage@rymt.ca
https://www.proacumed.com/articles.htm/
https://gardenacu.com/blog/acupuncture-doubles-pregnancy-success-rates-with-ivf/,info@gardenacu.com
http://www.acupunctureetobicoke.com/,massage@rymt.ca
https://amyguinther.com/the-miracle-of-magnesium/,amy@madisonacupuncturemedicine.com
https://selbyacupuncture.com/wellness-blog/were-hiring-our-latest-staff-outing-and-summer-schedules/, info@selbyacupuncture.com,info@selbyacupuncture.com
http://www.integrativeacupunctureandmassage.com/
https://mingsclinic.com/,mingsclinic@gmail.com
https://www.kinetichealing.com/therapeuticmassagebodyworkacupuncturetcm/,kineticdoctor@gmail.com
https://apexpdx.com/appointments/,reception@apexpdx.com,liberty@rootedpdx.com
http://bloorwestacupuncture.com/,massage@rymt.ca
https://strengthvitalitywellness.com/test-page/,office@strengthvitalitywellness.com
https://www.genesisfertility.com/treatment-options/acupuncture/garden-acupuncture/,info@genesisfertility.com,inquiries@genesisfertility.com
https://www.lakearrowheadacupuncture.com/,Arrowhead.Acupuncture@gmail.com,acupuncture@gmail.com,Acupuncture@gmail.com
http://www.namenfinden.de/s/michael+kiefel/
http://youngforlifeacupuncture.com/,trayounger@hotmail.com
http://northeastintegrative.com/about-us/our-services/acupuncfture/
https://www.sagestaggs.com/blog-health-advice-acupuncture/adaptogens-stress-depression-anxiety-adrenal-exhaustion/,sagestaggslac@gmail.com
http://www.trilliumnatural.com/2012/10/benefits-of-acupuncture-what-to-expect-from-your-treatment/,orders@trilliumnatural.com
https://www.vitalizeacupuncture.com/journal/2019/3/6/restore-vitality-with-reiki/,hello@vitalizeacupuncture.com,HELLO@VITALIZEACUPUNCTURE.COM,olivia.ashton.photography@gmail.com,photography@gmail.com
https://www.mvmtchiro.com/acupuncture/
http://www.elevatealbanywellness.com/acupuncture/,info@elevatealbanywellness.com,micheledolanlac@hotmail.com
http://www.thecrewconsultants.com/blog/2020/3/16/creative-responses-to-covid-19/,hello@thecrewconsultants.com
https://www.onsightchiropractic.com/meet-out-partner-acupuncturist-sarah-hart/,health@onsightchiro.com,DrJohanna@onsightchiro.com,DrEspinoza@onsightchiro.com,DrNick@onsightchiro.com,Amanda@onsightchiro.com,Billing@onsightchiro.com,Karina@onsightchiro.com
https://www.portlandwellnessprofessionals.com/services.html/,PortlandWellnessProfessionals@gmail.com,meverittlmt@gmail.com
http://www.acupuncturespokane.com/about.html/
http://zenfertility.com/blog/2017/1/6/homework-youll-actually-thank-me-for/
https://www.tcmpraxis-legato.de/links.htm/
https://startingpointacupuncture.com/cold-and-sickness-prevention-101/,
https://www.acufor.me/new-page-1/,contact@acufor.me
http://lefthandacu.blogspot.com/2014/03/manliness-mumbelty-peg.html/
http://www.in-balanceacupuncture.com/appointments.html/
https://umaihealth.com/acupuncture.html/
https://coastfamilyacupuncture.com/,info@coastfamilyacupuncture.com
https://westernmassacupuncture.com/blog/2018/10/29/29/acupuncture-and-anxiety/
http://www.kirstenmanges.com/
http://www.newmissionacupuncture.com/,nikki@newmissionacupuncture.com,Nikki@NewMissionAcupuncture.com
https://www.losgatoswellness.com/blog/2018/12/6/december-2018-newsletter/,info@losgatoswellness.com
https://www.ashevilleurbannest.com/blog/tag/massage+yoga+real+estate+asheville/,lynne@ashevilleurbannest.com
https://achesawaytoronto.ca/about-aches-away-toronto-massage-therapy/sara-hodgkinson-acupuncture-toronto/
http://www.hydrostoneosteopathy.com/TreatmentPages/Acupuncture.html/
http://www.osteohalifax.com/TreatmentPages/Acupuncture.html/
http://www.middlepathacupuncture.com/Bio.html/,adam@middlepathacupuncture.com
https://raleighmobileveterinarian.com/acupuncture/
https://www.katehunternd.com/single-post-c12j0/2014/09/23/Acupuncture-Why-you-should-try-it/,katehunter1@gmail.com
http://www.chineitsangny.com/NewTaoist5EementMassage.html/
http://longviewacupuncture.com/elder-health-quality-care/,info@longviewacupuncture.com
https://www.acutherapyblog.net/,wixofday@wix.com
https://www.vesselacupuncture.com/,vesselacu@gmail.com,wixofday@wix.com
http://www.gruenedragon.com/Acupuncture.html/
https://wisdomhypnosis.com/category/acupuncture/,contact@wisdomhypnosis.com
http://www.dralicecharap.com/acupuncture.htm/
https://balancedhealth.co/services/acupuncture-services/,online@balancedhealth.co
http://www.loriannmatthews.com/elevate.com/acupuncture/,info@elevatealbanywellness.com,micheledolanlac@hotmail.com
https://www.doctormaan.com/acupuncture/
https://www.expandedhealing.com/acupuncture1.html/,conroybeth@gmail.com
http://tamaratcm.com/6-facts-when-using-acupuncture-to-quit-smoking/,wellness@tamaratcm.com
http://hudsonpindoctor.com/comm.php/
http://heartspacehealth.com/,heartspacehealth@gmail.com
http://www.viennaacupuncture.com/acupuncture.html/
https://waterfieldwellness.com/faqs/
https://valowellness.com/acupuncture/
http://www.healinghandsofskokie.com/acupuncture-pain-relief.html/
https://massagetonics.com/massage-spa-services-houston-tx/acupuncture/,info@massagetonics.com
https://www.lukehamiltonacupuncture.com/appointments.html/,lukehamiltonacu@gmail.com
https://drtrina.com/cosmetic-acupuncture/,info@drtrina.com
https://confluenceclinic.brightervisionsites.com/acupuncture-chinese-herbs/
https://www.davidstokke.com/acupuncture.php/,dstokke@davidstokke.com
https://www.loveland-acupuncture.com/blog/20180601/have-happy-period.html/
http://www.urlju.com/w.healthgaines.com/
https://summeracupuncture.com/acupuncture-other-services/acutonics-and-needle-free-acupuncture/,info@summeracupuncture.com,info@SummerAcupuncture.com
http://www.zendigoacupuncture.com/
https://www.acunirvana.com/blog/2015/10/11/Columbus-Day-Acupuncture.aspx/,example@example.com
http://waynesvilleacupuncture.com/?p=74/
http://kate.michirado.com/second-page/pediatrics/
https://hcwcenter.com/community-acupuncture/,eben@eyebytes.com
https://www.templemedicinehealing.com/practitioners/,amy@temple-medicine.com
https://clovetreeacupuncture.com/book-to-genbook/
http://mendocinofamilyacupuncture.blogspot.com/p/bio.html/
http://viroquahealingarts.com/acupuncture.html/
https://lorraine-lavenita-xt7e.squarespace.com/new-page-58/
http://www.bliusa.com/Our-Services/Clinical-Services/Integrative-Medicine/Acupuncture-and-Herbal-Medicine.html/
http://www.urljc.com/w.acupunctureetobicoke.com/
https://www.naturalhealingaspa.net/acupuncturerac/,support@schedulista.com
https://www.sunacupuncturemn.com/services/,info@sunacupuncturemn.com,wixofday@wix.com
http://sangatmedicine.com/hello-world/,tripat@sangatmedicine.com
https://ellenarndorfer.com/
https://farrelduncan.com/,farrelduncan@me.com
http://allwayswellacupuncture.blogspot.com/,rebecca@allwayswell.org
https://valleyhealthclinic.com/proprioception-in-sports-acupuncture/
http://www.amylynthompson.com/contact/,lac@gmail.com
https://www.hwph.org/podcast/heal-now-with-chinese-medicine-alina-sepeda-interview/
http://mysacredhealthchiro.com/acupuncture-treatment/,frontdesk@mysacredhealthchiro.com
https://www.riveralchemy.com/,masha@riveralchemy.com
http://www.petalumaacupuncture.org/
https://cloud9acuclinic.com/testimonials/page/2/
https://harteracupuncture.com/,kristi@harteracupuncture.com
http://www.greendragonacupuncture.qsitedesigns.com/,333gda@comcast.net
http://www.doctorannmarie.com/acupuncture-and-chinese-medicine/
https://www.wowsilverton.com/acupuncture.html/
https://www.sunsetbodyworks.com/news/tag/acupuncture/,sunsetbodyworks909@gmail.com
https://viggor.com/index.php?p=macm/tips-to-enhance-immunity/
https://julesburgfamilyacupuncture.com/
http://www.evolutionalhealing.com/
https://www.aomhealth.com/health-tips/category/Acupuncture/
http://tranquilwaterswellness.com/?page_id=99/
https://acupunctureoc.com/,drkelly@acupunctureoc.com
http://mail.csleungrehab.com/acupuncture.php/
https://www.braverootschiropractic.com/services/acupuncture/
https://acu-painfree.com/what-we-do/
http://vitalityne.com/acupuncture-webinar-recording/,vitalityne@gmail.com,info@synduit.com
https://www.alcmc.com/acupuncture/
https://lynne-harty-rvif.squarespace.com/blog/2014/12/31/these-folks-make-us-happy/,lynne@ashevilleurbannest.com
http://new-york-fertility.blogspot.com/2012/
https://lance-isakov-aact.squarespace.com/blog/ynewellness-com20131130-off-reiki-wayne-pa-html/,BeWell@VillageWellness.net,BeWell@wayneacupuncture.com,bewell@villagewellness.net,darthapo@gmail.com,emn178@gmail.com
https://www.acupuncturefortlauderdale.com/what-is-acupuncture/what-to-expect/
https://www.drmezei.com/acupuncture.php/
https://www.riverforesthealth.com/acupuncture/,drnugent@riverforesthealth.com
https://garden-acu.squarespace.com/blog/acupuncture-treatment-improves-allergies/,info@gardenacu.com
https://meridianacupunctureofcary.com/book-an-appointment/
https://www.acuworksllc.com/?lightbox=imageknm/,info@acuworksllc.com
https://draarondixonblog.com/1101/the-great-challenge-chiropractic-adjustments-vs--acupuncture-vs--nsaids-/,name@example.com
https://empowered-wellness.squarespace.com/blog?offset=1540167508754/
https://heidi-lovie.squarespace.com/cupping/,Heidi@LovieAcupuncture.com
https://bluejean.squarespace.com/blog/category/Herbal+Medicine/,bluejeanacu@gmail.com
https://shen-shu-acupuncture.squarespace.com/,acupuncture@norvajbennett.com
http://corpoints.com/,corpoints@gmail.com
https://artevacorp.squarespace.com/mystory/
https://james-walker-jugm.squarespace.com/blog/2017/1/6/homework-youll-actually-thank-me-for/
http://tothepointac.com/
http://www.tothepointafm.com/
http://missioncommunityacupuncture.com/,mission.acupuncture@gmail.com,acupuncture@gmail.com
http://missioncommunityacupuncture.org/index.html/
http://www.fourconnectionsacupuncture.selfhelpmind.com/,carolchenacupuncture@gmail.com,carolchenreview@gmail.com
https://energy-center.squarespace.com/,info@energycenterdallas.com,ariana@energycenterdallas.com
https://www.northoceanacu.com/treatments-services-available/,info@northoceanacu.com
https://greta-williams.squarespace.com/,info@acupuncturefamilycare.com
http://westernmassachusettsacupuncture.blogspot.com/
http://www.stevieannacupuncture.com/,steviedepaola@gmail.com,acu@gmail.com
https://homeacupuncturist.com/testimonials/,matthew@wncacupuncture.com
https://wncacupuncture.squarespace.com/,matthew@wncacupuncture.com,kristine@homeacupunturist.com,kristinepreiser@gmail.com
http://rfhwtest.weebly.com/
https://acupunctureacupressurepoints.blogspot.com/2019/08/acupuncture-huntington-beach.html/,evgennniy@gmail.com
http://khaclinic.com/main.php/
http://www.tulsitherapy.com/2011/02/new-location-open-in-west-seattle.html/
https://www.onpointwellness.net/about-acupuncture.html/,info@onpointwellness.net
https://apple-bat-5xrf.squarespace.com/appointments/,info@pacificbridgewellness.com
https://gillian-rose.squarespace.com/about-acupuncturist/
https://www.aacmc.com/
http://gothamcityacupuncture.squarespace.com/about/,info@gothamcityacupuncture.com
https://david-ito-2fpd.squarespace.com/what-we-do/
https://www.acunerds.com/fees/, Info@quanyinclinic.com ,DocSherman@AcuNerds.com,Info@quanyinclinic.com
http://acupuncture-herbs-honeybee.blogspot.com/2013/01/honeybee-acupuncture-secret-spot-for.html/
http://gointegralbody.blogspot.com/2013/10/allergies-acupuncture-can-help.html/
http://www.salinascacalifornia.com/listing/augusta/acupunctures/kristy-james-certified-novalash-extensionist/
https://medvedacupuncture.com/svetlana-lana-kouzko/,acudocsd@gmail.com
https://www.acupunctureatoceanshores.com/about-me/
http://blog.quiltinglass.com/page/2156?bw=1/
http://christine-aziz.squarespace.com/,christine@ahimsaacupuncture.com
https://colleen-pratt.squarespace.com/blog/2020/3/16/creative-responses-to-covid-19/,hello@thecrewconsultants.com
https://lydiawainwright.com/
https://mydailycheer.com/2016/11/16/birch-haven-acupuncture-is-closing-at-the-end-of-2016/,nada@nadahogan.com
https://remixlifestyle.squarespace.com/aboutacupuncture/,hello@remixlife.style
https://sage-staggs.squarespace.com/blog-health-advice-acupuncture/adaptogens-stress-depression-anxiety-adrenal-exhaustion/,sagestaggslac@gmail.com
https://sonya-schwartz.squarespace.com/acupuncture/
https://www.acupunctureretreat.com/,dr.heidifu@gmail.com,heidifu@gmail.com,Heidifu@gmail.com
https://www.gavinacupuncture.com/,gavinacu@gmail.com
https://www.stillnessandchangeacupuncture.com/blog/
http://aiblogwebsite.blogspot.com/2013/12/acupuncture-for-weight-loss-holiday.html/
http://awakenchirokw.ca/acupuncture/,awakenchiro.kw@gmail.com,kw@gmail.com
http://islandyogaspace.org/in-house-therapies.html/
http://klinikacupuncture.blogspot.com/,jennifer@klinikvancouver.com
http://lucasacupuncture.blogspot.com/,DrMLucas@AcupunctureWoman.com
http://whitepeonyacupuncturelosaltos.blogspot.com/
http://www.traditionalorientalmedicine.com/aboutacupuncture/,acu@traditionalorientalmedicine.com
http://www.turtleqiacupuncture.com/,turtleqiacupuncture@me.com
https://bluebirdhealingarts.com/page/book-now-existing-patients-only/
https://scottsdalearzonaar.blogspot.com/2020/05/scottsdale-integrative-acupuncture.html/
https://steven-mavros.squarespace.com/new-page-1/,contact@acufor.me
https://www.barbaraconti.com/blog/wellness-advice-from-acupuncturist-colleen-moore/
https://www.bluefrogwellness.ca/blog/2015/12/02/Beat-Holiday-Stress-with-Acupuncture.aspx/
https://www.sarahleeacupuncture.com/schedule/,sarah@nawellness.com
