https://namti.com/,spa@namti.com
http://www.yogaspace.net/,yoga-space@sympatico.ca,"frontdesk@
yogaspace.net"
https://www.blueheronwellness.com/,info@blueheronwellness.com,blueheron@gmail.com
https://www.newellnessmpls.com/,info@newellnessmpls.com
https://valleyspiritcoop.com/,well@gmail.com,info@valleyspiritcoop.com
https://www.chinesemedicinedoc.com/
https://www.texasfertilityacupuncture.com/,admin@texasfertilityacpuncture.com,admin@texasfertilityacupuncture.com
https://www.integrativehealthinc.com/,integrativehealthinc@yahoo.com
https://yoga4all.com/
https://take2healthcare.com/
https://www.brooklynacupunctureproject.com/,info@brooklynacupunctureproject.com,Info@BrooklynAcupunctureProject.com
https://www.magnoliawellnessoc.com/,hello@magnoliawellnessoc.com,partnerships@magnoliawellnessoc.com
https://shenshenhealth.com/,info@shenshenhealth.com,bob@shenshenhealth.com
http://www.northrivermassage.com/,northriverbody@gmail.com,northriverbody@aol.com
https://www.numoacupuncture.com/,info@numoacupuncture.com
https://www.awakenwellnesscolumbia.com/
https://www.denvercommunityacupuncture.com/,info@denveracu.com
https://www.dovacenter.com/,info@dovacenter.com
https://pekoedc.net/,info@pekoedc.net
https://www.calmspiritacupuncture.com/,appointment@calmspiritacu.com
https://www.meadowhillwellness.com/,spoldmae@meadowhillwellness.com
https://ewacupuncture.com/,frontdesk@ewacupuncture.com
https://pranatonic.com/,Pranatonic@gmail.com
https://www.snhc.com/,info@snhc.com
https://www.innermovement.net/,innemovementchiro@gmail.com
https://www.lakewashingtonwellness.com/,service@lakewashingtonwellness.com
https://aprpc.com/,info@aprpc.com,inetzer@aprpc.com
https://isthmuswellness.com/
https://ohacu.com/,brette@ohacu.com,team@ohacu.com
https://www.leeacupuncture.com/,info@leeacupuncture.com
http://www.studioclasique.com/,info@studioclasique.com
https://thecenterofbliss.com/
https://www.tongbuwellnesscenter.com/,yourhealth@tongbuwellnesscenter.com
https://acuboulder.com/,acbwellness@acupunctureclinicofboulder.com,aserfes91@gmail.com
https://www.oceanacu.com/,oceanacu1@gmail.com,HealWithKambo@gmail.com
https://www.modernacupuncture.com/north-carolina/charlotte/blakeney-nc001/,nc001@modacu.com
https://glowbodywork.com/,info@glowbodywork.com,nickie@glowbodywork.com
https://ascenthealthcenter.com/
http://www.7directionsacupuncture.com/,7Directionsacupuncture@gmail.com,7directionsacupuncture@gmail.com,7DirectionsAcupuncture@gmail.com
https://www.enjoycommunitywellness.com/,info@enjoycommunitywellness.com,info@communitywellness.com
https://belleviewmassagetherapy.com/,contact@belleviewmassagetherapy.com
https://blueheroncharleston.com/,info@blueheroncharleston.com
https://armoniahealth.com/
https://www.modernacupuncturefranchise.com/
https://www.modernacupuncturefranchise.com/
https://www.thrivegroupfitness.com/,frontdesk@thrivegroupfitness.com
http://www.ithriveyoga.com/,grow@ithriveyoga.com,grow@ithrive.com
https://wellnesscollectivevt.com/,info@wellnesscollectivevt.com
https://www.acupuncturefit.com/,info@acupuncturefit.com
https://www.the-healing-gallery.com/,thehealinggallerycharleston@gmail.com
https://www.therapeutic-bodywork.com/,massagecapecod@gmail.com,name@email.com
https://www.affordablenaturalhealth.com/,contact@adamholtey.com,ashland.communityacupuncture@gmail.com,communityacupuncture@gmail.com
https://www.pilatesyogaloft.com/,info@pilatesyogaloft.com
https://www.bluelotushealingarts.com/,yoga@bluelotushealingarts.com,contact@bluelotushealingarts.com,Contact@BlueLotusHealingArts.com,Yoga@BlueLotusHealingArts.com
https://www.inspired-wellness.com/
http://www.mindbodystudio.co.uk/
https://www.nohocommunityacupuncture.com/,rachel@nohocommunityacupuncture.com
https://www.acupunctureofcastlerock.com/,info@acupunctureofcastlerock.com
https://www.acupunctureindelray.com/,lisa@acupunctureindelray.com,Lisa@acupunctureindelray.com
https://www.purewellnessstudio.net/,info@purewellnessstudio.com
https://goldenhourpdx.com/,info@goldenhourpdx.com,studiojpdx@gmail.com
https://www.livewellmedicine.com/,info@LiveWellMedicine.com,info@livewellmedicine.com
https://pagewellness.com/
https://handsonhealingspa.com/,leslie@handsonhealingspa.com,info@handsonhealingspa.com
https://taylormadeacupuncture.com/
https://www.metaholistic.com/,info@metaholistic.com
https://www.sttpca.com/,info@sttpca.com
https://www.bedstuyacupuncture.net/,info@bedstuyacupuncture.net
https://windowofheavenacupuncture.com/,Info@WindowOfHeavenAcupuncture.com
https://www.acupunctureforwellbeing.com/,stefanierothert@gmail.com,StefanieRothert@gmail.com
https://www.opencirclehealing.com/,info@opencirclehealing.com
https://laughingbuddha-acupuncture.com/
https://thecentermethod.com/,nicole@thecentermethod.com<Subject=connect,nicole@thecentermethod.com
https://www.eastvillageacupuncture.com/,eastvillageacu@gmail.com,wixofday@wix.com
https://nlacuwell.com/,info@nlacuwell.com
https://oasistotalwellness.com/,amkryukov@gmail.com,agustinamingote@gmail.com
https://www.onpointawc.com/,onpointawc@gmail.com,wixofday@wix.com
https://www.points2wellness.com/
http://queencityacupuncture.com/
https://www.ackermanacupuncture.com/,ackeracu@gmail.com,nackeracu@gmail.com
https://bodyworksdw.com/how-to-find-a-chiropractor-or-acupuncturist-during-travel/,hello@bodyworksdw.com,hello@bodyworksDW.com
https://acupunctureplusmore.ca/,cindyhautanen@gmail.com
http://www.secure-booker.com/debbiemassage/Services/Services.aspx/
http://www.treesacupuncture.com/,treesacupuncture@gmail.com
http://cosmeticacupuncturesd.com/en/home/,sandiegocosmeticacupuncture@gmail.com
http://www.pilatespluss.co.uk/
https://www.palmbeachhealingarts.com/,info@palmbeachhealingarts.com
https://www.aiam.edu/acupuncture/acupressure-points-relieve-stress/,mfischer@aiam.edu
http://bit.ly/JulyAcupuncture/
https://play.google.com/store/apps/details?id=com.fitnessmobileapps.necommunityacupuncture&hl=fr/,support@mindbodyonline.com,robert@broofa.com
https://us11.campaign-archive.com/?u=7e4ba2955faa3e9217e0a5543&id=f8b3108c1a/
http://ip-50-62-247-27.ip.secureserver.net/chineseMed.html/
http://amyligani.wixsite.com/liganiacupunctue/,info@mysite.com,wixofday@wix.com
https://acupunctureindelray.mykajabi.com/children-acupuncture/,Lisa@acupunctureindelray.com,lisa@acupunctureindelray.com
https://hellogiggles.com/lifestyle/what-is-acupuncture/
https://www.touchofjoyspa.com/,info@touchofjoyspa.com
https://drjacinthajazroemer.podia.com/,jaz@sdherbalmedicine.com,donutluvr907@aol.com,info@sdherbalmedicine.com,roemer@gmail.com
https://rootwholebody.com/library/keep-your-energy-flowing-and-avoid-stagnancy-with-acupuncture/,vegus111incasino@gmail.com
http://archive.constantcontact.com/fs027/1101130314961/archive/1109569328009.html/
https://threebestrated.com/acupuncture-in-buffalo-ny/,queencityhealthandwellness@gmail.com,hello@acubuffalo.com,acupunktrix@gmail.com,support@threebestrated.com
https://www.meetup.com/pt-BR/MilfordTraditionalChineseMedicine/
https://linktr.ee/graewellness/
https://thebhaktiyogamovementcenter.com/lisa-mae-osborn/,weloveyou@thebymc.com,weloveyou@thebhaktishop.com,family@thebhaktishop.com
https://deltadiscoverycenter.com/how-acupuncture-works-good-for-you/
http://www.cooleyhealth.com.au/
https://www.chamundiphoenix.com/,mail@chamundiphoenix.com
http://www.pointacu.com/
https://www.yogaonesandiego.com/services/massage/,info@yogaonesandiego.com
https://hiatusspa.com/2013/10/24/acupuncture-in-austin-3-pack-deal/,austin@hiatusspa.com,dallas@hiatusspa.com,TheHill@Hiatusspa.com,fortworth@hiatusspa.com,fortworth@HiatusSpa.com,houston@hiatusspa.com,TheStar@HiatusSpa.com,plano@hiatusspa.com,sanantonio@hiatusspa.com
https://www.podbean.com/site/EpisodeDownload/PB6C82DCFIYKN/
https://kindnesscollective.worldsecuresystems.com/acupuncture/faq/
https://hirefrederick.com/community-acupuncture-natural-health/referrals/register/,communityacupuncture@gmail.com
http://www.crossfitsanitas.com/acupuncture-in-boulder/
https://hoodline.com/2018/07/miami-beach-s-top-4-fitness-spots-to-visit-now/,partner@hoodline.com,sales@hoodline.com,feedback@hoodline.com,hello@hoodline.com
https://www.risebodyworks.com/rise-clinic/acupuncture/,risebodyworks@gmail.com,frontdesk@risebodyworks.com,info@risebodyworks.com,tat.stollman@gmail.com,stollman@gmail.com
https://www.westfield.com/missionvalley/stores/all-stores/modern-acupuncture/62656/,USMedia@urw.com
https://www.acuhaus.com/,admin@acuhaus.com
https://www.maringhigaacupuncture.com/,maringhiga@gmail.com
https://www.fix8media.com/squarespace-website-customization/2020/1/15/acupuncturists-turn-to-squarespace-for-practice-websites/,josh@fix8media.com
https://orientalmed.ac.uk/icomclinic/,clinic@orientalmed.ac.uk
https://www.theacuworks.com/,steve@theacuworks.com
https://mindbody.io/blog/wellness/cosmetic-acupuncture-beauty-tips/
http://www.amatsu.ca/,info@amatsu.ca
https://www.acupuncturewellnessbaltimore.com/,unsubscriberequest@constantcontact.com
https://www.greenlotusyogactr.com/therapeutic-services/acupuncture-chinese-medicine/,info@greenlotusyogactr.com,name@email.com
https://madmimi.com/s/d58817/,info@laludenver.com
https://www.torontoyogamamas.com/acupuncture.html/,hello@torontoyogamamas.com
https://www.pullingdownthemoon.com/blog/2010/10/pms-prostaglandins-and-essential-fatty-acids/
https://brisbanenaturalhealth.com/make-an-appointment/,appointments@brisbanenaturalhealth.com,hello@theshiftclinic.com
https://kindnesscollective.com/acupuncture/
https://appadvice.com/game/app/range-of-motion-acupuncture/1135597941/,takedown@appadvice.com
https://www.eternallybarefoot.com/
https://sf.funcheap.com/community-acupuncture-immune-digestive-nervous-system-tune-sf/,events_crew@funcheap.com,,sean@funcheap.com
http://personamedspa.live-website.com/persona-medical-spa-acupuncture/
http://puntagordachamber.chambermaster.com/list/member/therapeutic-wellness-center-1915/
https://www.phillymag.com/be-well-philly/2015/10/27/rock-n-roll-half-philly/,tips@phillymag.com,corrections@phillymag.com,advertise@phillymag.com,philadelphiamagazine@emailcustomerservice.com,jobrien@phillymag.com
http://www.jointventurespt.com/acupuncture.html/,INFO@JOINTVENTURESPT.COM
https://southampton.stonybrookmedicine.edu/services/wellness-institute/acupuncture/,webmaster@stonybrookmedicine.edu
https://www.shadygrovefertility.com/your-care-team/wellness-center/acupuncture-for-fertility/
https://www.aaronbanfield.com/,banfield@gmail.com,aaron@aaronbanfield.com,wixofday@wix.com
https://www.bendandbloom.com/upcoming-events/,info@bendandbloom.com
http://www.mynashvillecenter.com/acupuncture/,info@mynashvillecenter.com
https://www.aumvibe.com/vibe-events/2019/12/20/solstice-community-acupuncture/,hello@aumvibe.com
http://www.lightcentrebelgravia.co.uk/therapy-centre/therapies/acupuncturists/,reception@lightcentrebelgravia.co.uk,mark@lightcentre.com
https://themindfulbody.com/prenatal-postnatal-yoga-massage-acupuncture/,info@themindfulbody.com
https://woodstockhealingarts.com/community-acupuncture/, appointments@woodstockhealingarts.com,info@woodstockhealingarts.com,appointments@woodstockhealingarts.com
https://threebestrated.ca/acupuncture-in-thunder-bay-on/,tcmtbay@gmail.com,info@redriveracupuncture.com,cindyhautanen@gmail.com,support@threebestrated.ca
https://lumayoga.com/wellness/,annechiaramonte@lumayoga.com,kaysicontreras@lumayoga.com,events@lumayoga.com,info@lumayoga.com
https://www.cylex.us.com/company/dr--yang-acupuncture-25203328.html/,info@cylex-usa.com
https://rise.robilix.eu/rise-clinic/,info@risebodyworks.com,frontdesk@risebodyworks.com,tat.stollman@gmail.com,stollman@gmail.com
http://gotidbits.com/austin/austin-health-cleanse-detox-guide-spray-tan-pilates-barre-bar-acupuncture-gym-fitness-manicure-pedicure-5-free-reformer-juice-juicing/,submissions-austin@gotidbits.com,austin@gotidbits.com
https://www.nativeyogacenter.com/ap-asana-acupuncture-w-tamara-dr-bella-sunday-october-6th-12pm130pm.php/
https://elevationyogawellness.vistaprintdigital.com/accupuncture/
https://www.mettayogastudio.com/events/yin-yoga-acupuncture/,info@mettayogastudio.com
https://www.thelivingseed.com/acupuncture-1/,johanna@fiveleaves.info,contact@thelivingseed.com,CONTACT@THELIVINGSEED.COM
https://www.lotussm.com/provider/brendan-armm-daom-lac-dipl-om/
http://decaturhealingarts.com/acupuncture.html/
https://breatheyogastudio.com/wellness-centre/acupuncture-traditional-chinese-medicine/,info@breatheyogastudio.com
https://appiclinics.com/services/acupuncture/
https://lovestoryyoga.com/events/2020-2-28-community-acupunture/
https://www.sharp.com/health-news/what-to-expect-at-your-first-acupuncture-visit.cfm/
http://www.bodyandsoulacupuncture.com/contactantonio/,Antonio@bodyandsoulacupuncture.com
http://prlog.ru/analysis/acupuncturephysiciansgroup.com/,abuse@godaddy.com
https://yogaview.com/about/healing-arts/,melissa5element@gmail.com,info@yogaview.com
https://alexandriastylebook.com/ashtanga-hatha-restorative-yoga/,smvand@yahoo.com,info@alexandriastylebook.com
https://www.clerkenwellbeing.co.uk/acupuncture-clerkenwell-ec1/,info@clerkenwellbeing.co.uk
https://www.trinitylaban.ac.uk/trinity-laban-health/health-treatments/acupuncture/,health@trinitylaban.ac.uk
https://www.sattvamn.com/acupuncture/
http://www.nccaomdiplomates.com/danaweidenbenner/contact/,support@nccaomdiplomates.com
https://prestonhollow.advocatemag.com/2013/10/21/inwood-villages-hiatus-spa-adds-acupuncture/,wthompson@advocatemag.com,jliles@advocatemag.com,jabshiro@advocatemag.com,rstone@advocatemag.com,jdunaway@advocatemag.com,jneal@advocatemag.com,adrake@advocatemag.com,agrisby@advocatemag.com,fmcclendon@advocatemag.com,gkinney@advocatemag.com,mpaulda@advocatemag.com,cpate@advocatemag.com,vsantillan@advocatemag.com,mburke@advocatemag.com,pberger@advocatemag.com,judyliles@advocatemag.com,swamre@advocatemag.com,rwamre@advocatemag.com,dfulgencio@advocatemag.com
http://www.lightcentremoorgate.co.uk/therapies/acupuncturists/,reception@lightcentremoorgate.co.uk,reception@lightcentremonument.co.uk,reception@lightcentrebelgravia.co.uk
http://www.devacupunctureindelray.historicoccoquan.com/,Lisa@AcupunctureInDelRay,Lisa@AcupunctureInDelray.com,info@AcupunctureInDelRay,Info@AcupunctureInDelray.com
http://wd.thrivestaging.com/acupuncture/,info@wellnessdenver.com
https://www.satnamyogachicago.com/community-acupuncture/,info@satnamyogachicago.com
http://theflyingsteamshovel.bhubble.com/node/119862/
http://erikabloompilates.com/services/acupuncture/,info@erikabloom.com,chattie@kruppgroup.com
http://cm.puntagordachamber.com/list/member/therapeutic-wellness-center-1915/
https://anamaya.co.uk/therapies/acupuncture/,info@anamaya.co.uk
http://santacruzintegrativemedicine.com/our-services/acupuncture_traditional_chinese_medicine/,admin@santacruzintegrativemedicine.com
http://www.cmaac.ca/professional-development/practice-management-wellness/downloads/awesome-apps-web-resources?lang=fr/,info@PatientRecordManagementSolution.com.au,info@PatientRecordManagementSolution.com,headoffice@cmaac.ca,1stevent60@gmail.com,liulin182@yahoo.com.cn,acup@eastlink.ca,mingchan1628@hotmail.com,info@octcm.com,stephenk@accessv.com,zhaoqi.guo@gmail.com,marsmars@auracom.com,aqupoint@rogers.com,nguistyleimc@gmail.com,askerow@bell.net,run_drdmc@hotmail.com,administrator@cmaac.ca,Jason_tutt@hotmail.com,liulin182@yahoo.com,liulin1036@hotmail.com,info@revibecentre.com,guo@gmail.com,saskatchewanacupuncture@gmail.com
http://www.westhartfordyoga.com/healing_modalities.htm/,info@westhartfordyoga.com
https://www.whitehartclinic.co.uk/treatments/acupuncture-south-west-london/
https://landyoga.com/intro-to-functional-movement-how-chiropractic-and-acupuncture-can-enhance-the-yoga-practice/,info@landyoga.com
https://www.mindbodysoulyoga.com/service-acupuncture/,Info@mindbodysoulyoga.com,info@mindbodysoulyoga.com
https://www.bellybliss.org/acupuncture/,jaimy@bellybliss.org,my_email@emailme.com
https://www.blossomclinic.net/fertility-acupuncture-natural-medicine/,theblossomclinic@gmail.com
https://www.ravishly.com/ladies-we-love/serra-chase-founder-brooklyn-acupuncture-project/
https://aliveandwellaustin.com/services/wellness-spa/acupuncture/,info@aliveandwellaustin.com
https://www.positiveacupuncture.co.uk/booking/
https://kundalinihouse.com.au/acupuncture-chinese-herbs/,info@kundalinihouse.com.au,info@kundalinihouse.com
https://elementsmassage.com/west-plano/blog/healing-headaches-massage-and-acupuncture-working-together/
https://baltimorefishbowl.com/stories/category/sponsored-post-2/page/324/,advertising@baltimorefishbowl.com,editor@baltimorefishbowl.com,suzy@baltimorefishbowl.com,nicole@baltimorefishbowl.com,maliwali@aol.com,kit@kitpollard.com
https://www.ombecenter.com/blog-posts/vitamin-k2-for-fertility-and-womens-health-c9kt2/,info@ombecenter.com
https://localpages.com/ca/san-diego/lpd-41710584-acujin-holistic-therapies.html/,acujin@gmail.com,info@localpages.com,info@LocalPages.com
https://subdomainfinder.c99.nl/scans/2020-08-21/mindbodyonline.com/,support@c99.nl
https://inspireatlanta.com/services/acupuncture/,info@inspireatlanta.com
https://www.jccsf.org/fitness/wellness/wellness-workshops/demystifying-acupuncture-acupunc/
https://livewell-la.com/acupuncture-los-angeles/,info@livewell-la.com
https://www.opendoorworkshop.com/acupuncture/,brittonmann@gmail.com,stefan.disgrace@gmail.com,pointseast@gmail.com,jessicadlange@gmail.com,mschoppedoctorofacupuncture@gmail.com,opendoorwrj@gmail.com,disgrace@gmail.com
http://acupuncturebuffalo.com/blog/,hello@acubuffalo.com
http://brisbanenaturalfertility.rbdev.com.au/fertility-month-new-clients-receive-a-complimentary-11-nutrition-consult/,support@rb.com
https://rubinhealthcenter.com/acupuncture-st-petersburg/,rhc@rubinhealthcenter.com,studio@rubinhealthcenter.com
https://www.maharose.com/products/tuesday-august-29th-acupuncture-healing-sound-bath/,info@maharose.com
http://business.danapointchamber.com/list/member/modern-acupuncture-4442/,name@email.com,admin@danapointchamber.com,youremail@domain.com
http://capwellnesscenter.com/acupuncture/,name@email.com
https://bhuti.co/community-acupuncture/
https://365thingsaustin.com/event/acupuncture-singing-bowl-stress-relief-workshop/2018-12-08/,Jason@365ThingsAustin.com
https://www.kashi.org/events/2019/2/9/group-acupuncture-amp-sound-healing-98y5w-amkjx/,info@kashi.org
https://www.evestudio.com.au/embody-balance/,hello@evestudio.com.au,hello@evestudio.com
https://chaillot.tigre-yoga.com/discipline/lacupuncture-esthetique/,chaillot@tigre-yoga.com
http://aparentinsilverspring.com/2011/11/the-still-point-my-first-acupuncture-session-changed-my-life.html/,jessica.mcfadden@gmail.com,mcfadden@gmail.com,McFadden@gmail.com
https://www.threejewels.org/community-acupuncture/,info@threejewels.org,deni@berryacu.com
https://bodyism.com/cupping-and-acupuncture/,bookings@bodyism.com,membership@bodyism.com,bookings@bodyism.com ,press@bodyism.com ,contact@bodyism.com,press@bodyism.com
https://collegeofmassage.com/cambridge/2014/07/acupuncture-certification-cupping-massage-ceu-courses/,admissions@collegeofmassage.com,vicadmissions@collegeofmassage.com
https://www.mahasoul.com/about/,mahasoulstudio@gmail.com
https://www.orleansyoga.com/events/yoga-acupuncture-to-reduce-stress/,petra@orleansyoga.com
https://thesecretspace.org.uk/therapies/acupuncture/,jody@well-being-acupuncture.co.uk
https://www.mothernurturela.com/acupuncture/
https://www.fixlondon.co.uk/events/2019/27/7nutritionfertility/,info@fixlondon.co.uk
https://www.lifecare.com.au/clinic/prahran-sports-medicine/news/dry-needling-vs-acupuncture-whats-the-difference/,prahran@lifecare.com.au,prahran@lifecare.com
https://elementscenter.com/acupuncture/,frontdesk@elementscenter.com
https://www.tealcenter.com/5-ways-massage-and-acupuncture-support-your-bodys-innate-ability-to-heal/
http://www.theremedymartinez.com/acupuncture/,info@theremedymartinez.com
https://foylife.net/holistic-healing/acupuncture/,info@foylife.net
https://synergy-wellness-center.com/acupuncture-hudson-2/
https://fourgatesmpls.com/about-acupuncture/
https://joycewellness.com/services/acupuncture/,info@joycewellness.com
http://www.floatshoppe.com/acupuncture/,float@floatshoppe.com
https://www.podcastrepublic.net/podcast/1223773363/,nathalie@lifeonearthpodcast.com,shantiyoganola@gmail.com,crescentcityayurveda@gmail.com,melanie@ashtangayogaroom.com,akthomas@loyno.edu,purehealinginsight@gmail.com,liveoakyoga@yahoo.com,info@rawrepublicjuice.com,nolafit@gmail.com,loftyogabsl@gmail.com,email@example.com
https://abhayayoga.com/workshops/the-resonant-midline-community-acupuncture-in-a-soundscape-of-himalayan-singing-bowls/,staff@abhayayoga.com,memberships@abhayayoga.com
https://www.activelifedc.com/acupuncture-yoga-at-washington-yoga-center/1110548/
https://santacruzcore.com/initial-acupuncture/
http://yogacentermpls.com/dharma-wellness-spa/acupuncture-herbs/,acu@yogacentermpls.com,register@yogacentermpls.com
http://www.dogwoodhealingarts.com/decaturacupuncture/welcome/,karen@dogwoodhealingarts.com,acukarenco@gmail.com
https://www.healingpathbaltimore.com/services/acupuncture/
https://www.wellness-within.ca/acupuncture/
https://yogashanti.com/workshop/urban-zen-acupuncture-sound-bath-cbd-nyc/
https://dancingdogsyoga.com/ddy-events/2019/8/2/community-acupuncture-sound-bath/,shelley@dancingdogsyoga.com,savannah@dancingdogsyoga.com,tybee@dancingdogsyoga.com,atlanta@dancingdogsyoga.com
https://myoaustin.com/laurens-approach/
https://downtownfrederick.org/event-pro/yin-yoga-restorative-yoga-and-acupuncture-for-the-equinox/,lunayogafrederick@gmail.com,mainstreet@downtownfrederick.org,danielle@downtownfrederick.org,kara@downtownfrederick.org%20,leeann@downtownfrederick.org%20,cecylia@downtownfrederick.org
https://www.wilmamag.com/event/auricular-acupuncture-in-the-salt-cave/,jbudd@wilmingtonbiz.com,csnow@wilmingtonbiz.com,abuckley@wilmingtonbiz.com,production@wilmingtonbiz.com,ddean@wilmingtonbiz.com,rkaiser@wilmingtonbiz.com,rpreville@wilmingtonbiz.com,vjanowski@wilmingtonbiz.com,mapel@wilmingtonbiz.com,jcano@wilmingtonbiz.com,events@wilmingtonbiz.com,art@wilmingtonbiz.com,sjohnson@wilmingtonbiz.com
https://www.beyogawellness.com/acupuncture/
https://www.wellnessdenver.com/acupuncture/
https://www.dc-acupuncture.com/services/gift-certificates/
https://www.castlehillfitness.com/spa-providers/sherie-moody/,sheriemoody@gmail.com,clientservices360@castlehillfitness.com,clientservicesdt@castlehillfitness.com,ClientServices360@castlehillfitness.com,ClientServicesDT@castlehillfitness.com,alex@castlehillfitness.com
https://yogalifestudios.ca/blog/tag/asana/,info@yogalifestudios.ca
http://portlandmassagestudio.com/blog/,wonthebody@gmail.com,rootandbranchPT@gmail.com
http://www.tripspace.co.uk/workshop/216/acupuncture-yoga-winter-the-water-element-rebalance-and-reboot-sold-out/,tripspace@gmail.com
https://www.ossingtonchiro.ca/acupuncture/
https://www.tfhd.com/our-providers/brownfield-lac/,info@tfhd.com,abuse@constantcontact.com
https://www.nowyogapdx.com/events/2020/3/1/nourish-align-an-afternoon-of-restorative-yoga-amp-acupuncture/
http://dev.harborbayclub.com/spa/acupuncture/,paulettes@harborbayclub.com,info@harborbayclub.com,name@email.com
https://www.serenityoakpark.com/acupuncture/,info@SerenityOakPark.com,wixofday@wix.com
https://www.soulexdc.com/blog/tag/acupuncture/,float@soulexdc.com
https://putneyclinic.co.uk/portfolio-item/acupuncture/,info@putneyclinic.co.uk
https://www.halifaxhealth.ca/our-services/acupuncture/,info@halifaxhealth.ca
https://www.yogarootsvt.com/inspiration-blog/tag/acupuncture/,info@yogarootsvt.com
https://mainstreettakoma.org/event/acupuncture-101-an-introduction/,ariel@thestillpointspa.com,laura@mainstreettakoma.org
https://villagewellness.net/blog/ynewellness-com201312happy-giving-tuesday-html/,BeWell@VillageWellness.net,bewell@villagewellness.net,darthapo@gmail.com,emn178@gmail.com
http://outdoorkinetics.co.uk/contact-us/
https://truthmindbody.com/acupuncturists/,info@truthmindbody.com
https://www.lifespacehealing.com/acupuncture/,info@lifespacehealing.com
https://www.stillsoulstudio.com/events/2019/9/21/acupuncture-cacao-ceremony/,CONTACT@STILLSOULSTUDIO.COM
https://www.360nmt.mmdbiz.com/cases/amenorrhea-acupuncture.php/,unsubscriberequest@constantcontact.com
https://www.omechaye.com/index.php/blog/acupuncture-for-migraines/
https://balayoga.com/event/letting-go-with-restorative-yoga-acupuncture-and-essential-oils-2/,info@balayoga.com,molly@balayoga.com,Gabriela@balayoga.com
https://sacredbrooklyn.com/sacred-bodywork/community-acupuncture/,info@sacredbrooklyn.com
https://kindnesscollective.namastecms.com/acupuncture/faq/
https://indigomassagetherapy.com/acupuncture/,info@indigomassagetherapy.com
https://www.stillandmovingcenter.com/2018/08/private-lessons-with-master-jonah-chin/,info@stillandmovingcenter.com
https://healingphilly.com/blog/nscfundraiser/,gsoffer@nscphila.org
https://woodlawnyoga.com/living-yoga-benefit-class-restorative-flow-acupuncture-tea-ceremony/,thedrishtiyoga@gmail.com
http://www.marychanacupuncture.com/,marychan.acupuncture@gmail.com,acupuncture@gmail.com,u003einfo@company.com
https://www.bodyactivetherapies.com.au/acupuncture-chinese-medicine/
https://fix8.squarespace.com/squarespace-website-customization/2019/12/28/squarespace-websites-for-acupuncture-and-chinese-medicine-in-chicago/,josh@fix8media.com
http://www.yogatribemn.com/events/2018/12/15/restorative-yoga-acupuncture/,namaste@yogatribemn.com
https://www.botanicawellness.com/acupuncture-and-chinese-medicine-faqs/,info@botanicawellness.com
https://www.yoganwpdx.com/events/2018/5/5/gentle-yoga-acupuncture-song/,'info@yoganwpdx.com',info@yoganwpdx.com
https://www.ojaswellness.com/blog/subcategory/acupuncture/
https://www.insideoutbodytherapies.com/service/acupuncture-and-chinese-herbal-medicine/,info@insideoutbodytherapies.com
https://thrivespace.net/practice-journal/2018/11/14/acupuncture-and-cancer-care/,office@thrivespace.net
https://www.nealsyardremediesedinburgh.com/acupuncture/,edinburgh@nealsyardremedies.com
http://theiv.ca/tag/acupuncture-yaletown/,info@theiv.ca
https://www.facialenhance.co.uk/2011/12/facial-enhancement-acupuncture-masterclass-2012-dates/,enquiries@facialenhance.co.uk
https://therefinerye9.com/acupuncture-workshop-week88/,info@therefinerye9.com
https://www.knoxhealthandsportsclinic.com.au/acupuncture/,admin@knoxhealthandsportsclinic.com.au,admin@knoxhealthandsportsclinic.com
https://envisionpersonalizedhealth.com/san-diego-acupuncture-therapy_4d.html/,officeenvisionhealth@gmail.com
https://wearewellness.co.uk/acupuncture/,info@wearewellness.co.uk
http://govergym-com.mysmartercms.co.uk/therapies/reflexology-and-acupuncture/facial-rejuvenation-massage/
http://www.trainlateral.com/acupuncture/,info@trainlateral.com,anh@mikegeorgeinc.com
https://www.yosowellness.com/services-2/acupuncture/,hello@yosowellness.com
https://jerseyacu.com/telemedicine/,JerseyAcu@gmail.com
http://harmonyyoga.com/yin-yoga-and-acupuncture-workshop/,harmony@harmonyyoga.com,admin@convergencecms.com
https://halemindandbody.com/practices/acupuncture/,ha.le@halemindandbody.com,Ha.Le@HaLeMindandBody.com,le@halemindandbody.com,Le@HaLeMindandBody.com
https://wellnessonwhyte.com/contact/book-appointment/,info@wellnessonwhyte.com,manager@wellnessonwhyte.com
https://www.woodstockwellnesscenter.com/acupuncture/,woodstockwellness@gmail.com
http://www.joyofyogastl.com/workshops/2020/7/17/restorative-yoga-acupuncture-amp-reiki/,joyofyogastl@gmail.com,JoyOfYogaSTL@gmail.com
https://spaongreenstreet.com/eastern-medicine/,qidoc@qidoc.com
https://www.dou-yoga.com/acupuncture/,info@dou-yoga.com
http://jessicacaplan.com/sound-events/2018/3/24/restorative-yoga-sound-acupuncture/,jessicacaplanyoga@gmail.com
https://www.kinespiritcircle.com/blog/category/Acupuncture/,name@email.com,circle@kinespirit.com
http://www.palosantowellnessboutique.com/acupuncture/,palosantowellnessboutique@gmail.com
https://dancersshape.com/events/yoga-nidraacupuncture-workshop/,chris@balanceatx.com
https://www.mantrafit.com/events-calendar/2019/3/10/acupuncture-yoga-a-healing-workshop/
http://ccacu.net/
https://www.blackmountainyoga.com/acupuncture/,info@BlackMountainYoga.com
https://www.merrittwellness.com/acupuncture-nutritionthe-ultimate-alternative-fertility-treatment/
https://www.evokemedicine.com/resilience-blog/acupuncture-myths-debunked/,info@evokemedicine.com
https://www.therapeuticwellnesscenter.net/services/acupuncture/
https://www.taspenshealingcenter.com/acupuncture/,info@taspenshealingcenter.com
https://www.seacoastflote.com/services-acupuncture-hampton-nh/,info@seacoastflote.com
https://889community.com/the-amazing-world-of-japanese-acupuncture/,happiness@889community.com,signy@889community.com
http://www.clinic-northampton.com/acupuncture-and-chinese-medicine/
https://meditatenow.breatheyoga.com/Spa-(1)/Acupuncture/,unsubscriberequest@constantcontact.com
https://modlphotography.com/fertility-acupuncture-in-north-dallas/,laura@modlphotography.com
http://cosmeticacupunctureuk.com/latest-news/86/,enquiries@facialenhance.co.uk
http://www.lightonlotus.com/2018/uncategorized/divine-love-restfest-a-restorative-acupuncture-workshop-with-diane-avila-rachel-orselli/,info@lightonlotus.com
https://www.ntmsoundhealing.com/upcoming-events/2019/3/2/acupuncture-sound-bath/,info@ntmsound.com,info@skytingyoga.com,info@ntmsoundhealing.com
https://thepadstudios.com/event/group-acupuncture-with-acupops-karin-gallagher/,info@thepadstudios.com
https://sunuwellness.com/what-does-acupuncture-treat/,info@sunuwellness.com
https://lotuswellnesscenter.biz/services/acupuncture/,lotuspainrelief@gmail.com,#lotuspainrelief@gmail.com,example@domain.com
https://purityhealthandwellness.com/gift-cards/
https://www.loveisjuniper.com/fullscreen-page/comp-jievruq0/7ec60ce4-25b9-4b11-94ca-e7a7029e0611/2/?i=2&p=fvrzq&s=style-jievruqp1/,info@loveisjuniper.com
https://www.revealwellness.ca/acupuncture/
https://www.qiyoga.net/health_treatment/acupuncture/
https://thestillpointspa.com/acupuncture-and-chinese-medicine/
https://muscletestingdoctor.com/muscles-and-acupuncture-meridians/,info@drciprian.com
https://www.rryogaroom.com/the-yoga-room/are-you-interested-in-acupuncture/,info@rryogaroom.com
https://www.pilatesinthegrove.com/event/an-evening-of-wellness-with-lori-bell-acupuncture/
https://www.wellwoodhealth.com/therapies/acupuncture/,info@wellwoodhealth.com
https://www.ebbflowcharlotte.com/bodywork/,info@ebbflowcharlotte.com
http://peaceloveandzen.com/chiropractic/
https://www.goodvibesfitness.co.uk/blog/post/12/therapists-massage-facials-osteopathy-reflexology-sports-massage-acupuncture-cosmetic-acupuncture-covent-garden-london/
https://www.melaniemurphy.com/,melaniemurphyacupuncture@gmail.com
https://www.timelesshealthclinic.com/acupuncture/,info@timelesshealthclinic.com,Info@timelesshealthclinic.com
https://www.drstandley.com/trinity_acupuncture.shtml/
https://www.theturningpointacupuncture.com/resources/,info@theturningpointacupuncture.com
https://betterbuzzyoga.com/new-events/2020/8/29/yin-acupuncture-rest-restore-rejuvinate/,jaime@betterbuzzyoga.com
https://pranavahyoga.com/blog/community-acupuncture-saturday-september-13th-at-245pm-with-carla-san-diego/,info@pranavahyoga.com
https://www.salthausny.com/classes/2019/9/18/salt-acupuncture/,info@salthausny.com
http://radianthealthforyou.com/radianthealth-blog/2015/9/15/pushing-the-reset-button-2015-brooklyn-acupuncture-project-fall-cleanse/,nancy@radianthealthnyc.com,info@brooklynacupunctureproject.com
http://www.sunandmoonhealing.org/workshops/2020/miniretreat-raleigh/
http://www.invermerewellness.ca/special-offerings/2019/11/22/seasonal-balance-yin-yoga-amp-acupuncture-fall-edition/,mountainomyoga@shaw.ca,mountainom yoga
https://www.yogatree.ca/omgoodness-yoga-and-acupuncture/
https://katieovercash.com/2020/03/09/restorative-yoga-acupuncture-workshop-at-noda-yoga/,katie@katieovercash.com,28203emailkatie@katieovercash.com
http://www.thesweatreport.com/sweat-report/studiomix-5-year/,hello@thesweatreport.com
https://skinsalvationsf.com/tag/acupuncture/,darthapo@gmail.com,emn178@gmail.com
https://www.eagleacupuncture.com/contact/
https://aimhighstudio.com/community-acupuncture/
https://www.theyogastudiocalgary.com/im-in-good-health-why-would-i-need-acupuncture/,crowchild@theyogastudiocalgary.com,crowfoot@theyogastudiocalgary.com,south@theyogastudiocalgary.com,dayogastudio01@gmail.com
https://balancecolumbus.com/depression-from-an-acupuncture-perspective/,balancecolumbus@hotmail.com,email@example.com
https://old1click.coastalsportsandwellness.com/services/acupuncture/
https://www.omniwellnessnyc.com/acupuncture/,marcgian@gmail.com,momoko.uno@gmail.com,omniwellnessnyc@gmail.com,uno@gmail.com
https://www.coreclapton.org/acupuncture/,info@coreclapton.org
https://belovedworldyoga.com/harness-the-energetics-of-spring-by-cleansing-inside-and-out/
https://wildlotusyoga.com/events/clearing-pathways-yoga-acupuncture-for-seasonal-wellness/,teamlotus@wildlotusyoga.com
https://londoncityphysiotherapy.com/paula-felgate-acupuncturist/,enquiries@londoncityphysiotherapy.com
https://www.herbandohm.com/blog-posts/acupuncture-for-stress-relief-and-substance-abuse-an-interview-with-dr-amy-wolf-dacm-founder-of-herb-hm/,info@herbandohm.com,amy@herbandohm.com
https://fraisspa.com/portfolio_page/acupuncture-facial-rejuvenation/,reception@fraisspa.com
https://www.themarsh.com/event/qa-acupuncturist-massage-therapist-ellen-hem-ryan/,communications@themarsh.com,m.kielkucki@themarsh.com,,spa@themarsh.com,jdravis@themarsh.com,thespa@themarsh.com,bvajgrt@themarsh.com,dburgemeister@themarsh.com,info@themarsh.com,amcoulter@themarsh.com,cjacox@themarsh.com,tmortenson@themarsh.com,lizanema@themarsh.com,rford@themarsh.com,jloeffler@themarsh.com,dpattridge@themarsh.com,bsteger@themarsh.com,solson@themarsh.com,mmueller@themarsh.com,mlesourd@themarsh.com,jfarniok@themarsh.com,dpilkington@themarsh.com,cswanson@themarsh.com,estrewler@themarsh.com,cpehle@themarsh.com,kielkucki@themarsh.com
https://www.relaxoncloud9.com/pins-needles/2018/6/4/9-facts-about-acupuncture/,RELAXONCLOUD9@AOL.COM
https://www.oysterbayyoga.com/events/2018/5/4/community-acupuncture/,info@oysterbayyoga.com
https://www.wildearthacupuncture.com/blog/2018/10/5/travel-guide-to-portland-oregon/,lenorerenewal@gmail.com
https://peninsulaintegrative.com/service/acupuncture-and-chinese-herbs/,office@peninsulaintegrative.com
https://www.moondogyoga.com/special-events/2018/4/29/community-acupuncture/,info@moondogyoga.com
https://www.thehiddenyogastudio.com/workshops-events/yinandpin-waterelement-cnplj/,gbarrett@comcast.net
https://bendandmend.com.au/news/physiotherapy/dry-needling-acupuncture-whats-the-difference/,physio@bendandmend.com.au,physio@bendandmend.com
https://breatheyoga.devenvative.com/Spa/Acupuncture/,unsubscriberequest@constantcontact.com
http://www.elginmassagetherapy.com/acupuncture/about-acupuncture.aspx/
https://www.bound-less.com/acupuncture-traditional-chinese-medicine/,info@bound-less.com
http://www.bikramyogahamburg.com/reflexology.html/
http://www.rootyogaoxford.com/events-and-workshops/https/clientsmindbodyonlinecom/classic/wsstudioid232620sclassid870sdate11/10/2019sloc1stg35stype1/,emily@rootyogaoxford.com
https://recentre-health.co.uk/acupuncture/,info@recentre-health.co.uk
https://fourpillarsflorida.com/acupuncture-points-for-meditation/,Info@FourPillasFlorida.com,info@fourpillarsflorida.com
https://acupunctureinvermont.com/acupuncture-events/
https://workoutboss.com/workout-boss-introduces-dana-doty-sports-acupuncturist/
https://www.onewellnessgroup.ca/acupuncture/,fmtconcession@gmail.com
https://www.ouchie.us/blog/2017/7/15/acupuncture-when-youre-not-sick/
https://www.bodybusiness.com/modern-acupuncture/,info@bodybusiness.com
https://www.platinumpilates.ie/physio/dry-needling-isnt-that-the-same-as-acupuncture-has-my-physio-gone-all-hippy-dippy-on-me/,hello@platinumpilates.ie
https://whatwhere.world/events/sessions/28922058-yoga-acupuncture/
http://enjoyfortlauderdalefl.com/services/massage-acupuncture-wellness/82-spatopia/,massage@spatopiamassage.com
http://www.threequeensyoga.com/workshops/2016/7/31/art-of-rest-with-acupuncture/,info@threequeensyoga.com
https://thespringsofclifton.com/services/acupuncture/
http://www.shambhalastudios.com/an-acupuncture-article-for-beginners/,wellbeing@shambhalastudios.com
https://thefloatationcentre.ca/blog/acupuncture-holiday-special/,name@domain.com,hello@thefloatationcentre.com
https://austinbodycollective.com/,info@austinbodycollective.com,Jean@austinbodycollective.com,Lindsey@austinbodycollective.com
https://www.yogasakti.com/workshops/hypnosis-combined-with-acupuncture-for-weight-loss-2/,cheryl@yogasakti.com,kristin@yogasakti.com
https://www.londonnatural.co.uk/therapies/classical-five-element-acupuncture/
https://flowtunbridgewells.com/category/blog/acupuncture/,hello@flowtunbridgewells.com,,Lucy@flowtunbridgewells.com,Ben@flowtunbridgewells.com
https://www.sadhana-wellbeing.com/therapy/acupuncture/
https://saltuary.com.au/whats-on/acupuncture-bookings/,info@saltuary.com,reception@saltuary.com.au,reception@saltuary.com
https://saltuary.com.au/whats-on/acupuncture-bookings/,info@saltuary.com,reception@saltuary.com.au,reception@saltuary.com
https://www.funhealseverything.com/eventscalendar/2017/8/29/acupuncture-healing-sound-bath/
https://www.soundmovementny.com/blog/tag/acupuncture/,info@soundmovementny.com,Info@SoundMovementNY.com,info.soundmovement.ny@gmail.com,ny@gmail.com,info@soundMOVEMENTNY.com
https://www.evolveyogawellness.com/tag/acupuncture/
https://www.barefeetpoweryoga.com/journal/events/heart-chakra-yoga-acupuncture-feb-2/,yoga@barefeetpoweryoga.com,alexsabbag@gmail.com
https://www.emilygraceacupuncture.com/all/yoga-and-acupuncture-feb-9/,emilygraceacupuncture@gmail.com
https://www.myareayoga.com/event/amplify-your-savasana-flow-yoga-with-acupuncture-reflexology-essential-oils/,info@mindthemat.com
https://dynamicbody.net/dynamic-body-classes/reflexology-and-massage/,dynamicbody@sbcglobal.net
http://www.onformphysiotherapy.co.nz/services/acupuncture/,info@onformphysio.co.nz
https://www.wellness-springs.com/our-acupuncture-approach/
https://leadpilates.com/effortless-way-practice-self-care-acupuncture-tried/,myUser@email.com
https://www.dawnhayesyoga.com/events/2019/4/13/yoga-amp-acupuncture-leap-into-spring/,contact@dawnhayesyoga.com,dawnhayesyoga@gmail.com
https://www.yogastar.ca/acupuncture-cosmetic-acupuncture/,info@yogastar.ca
https://hellogeorgetown.com/business-category/acupuncturists/,havingfun@hellogeorgetown.com
https://saltroomorlando.com/relieve-stress-with-acupuncture-at-the-salt-room-orlando/,,info@saltroomorlando.com
https://www.ethos.yoga/acupuncture/
https://radiance-yoga.net/blog/acupuncture-demystified-by-jodi-knauer-board-certified-licensed-acupuncturist/,info@radiance-yoga.net
https://www.ruidosodayspa.com/bluelotus/holiday-getaway-acupuncture-yoga-retreat/,,info@ruidosodayspa.com,info@ruidosodayspa.com</a
https://scottchiro.com/welcome-new-providers-acupuncture-and-massage/
http://www.karmayogaomaha.com/events/2017/4/22/somatic-movement-and-acupuncture-in-restorative-poses/,karmayogaomaha@gmail.com
https://www.srijananiyoga.com/special-events/2017/12/31/parentcaregivers-tea-pediatric-acupuncture/,colette@seattleholisticcenter.com
https://bodiesunderconstruction.com/acupuncture/,info@bodiesunderconstruction.com,bracknell@bodiesunderconstruction.com,putney@bodiesunderconstruction.com,windsor@bodiesunderconstruction.com
https://thenet24h.com/clasique-acupuncture-pilates-studio/
https://www.theartoflivingwell.us/blog/a-deep-dive-into-acupuncture-and-traditonal-chinese-medicine-with-healer-monica-helland/,theartoflivingwellpodcast@gmail.com
https://catalystkinetics.com/needling-acupuncture/,info@catalystkinetics.com
https://www.seasidefamilyacupuncture.com/events/2019/3/15/spring-renewal-acuyoga/,info@TheYogaLoftMarblehead.com,Zoe@SeasideFamilyAcupuncture.com,Info@TheYogaLoftMarblehead.com
http://www.ashevillepointacupuncture.com/contact/,point@ashevillepointacupuncture.com
https://www.cityacu.net/ask-an-lmt/
https://www.prhacupuncture.com/missoula-welcomes-peoples-republic-of-health-acupuncture/
https://releasewellbeingcenter.com/tag/acupuncture/,releasewbc@gmail.com
https://www.wellfitstudio.com/stress/,info@wellfitstudio.com
https://proactfit.com/acupuncture/,mail@proactfit.com
https://flex5clt.com/acupuncture-uptown-charlotte/,info@flex5clt.com
https://www.onformpilates.co.nz/services/acupuncture/
https://www.healiumhotyoga.com/workshops/2019/9/15/yoga-nidra-acupuncture/,info@healiumhotyoga.com,robyn@healiumhotyoga.com
https://inverness-acupuncture.co.uk/?page_id=134/
https://hhamd.com/tai-chi-frederick-md/
https://purespapei.com/cosmetic-acupuncture/,info@purespapei.com,name@email.com
https://strengthvitalitywellness.com/acupuncture-in-baltimore-md/,office@strengthvitalitywellness.com
https://yogaacton.com/yoga-acupuncture/,info@yogaacton.com,info@YogaActon.com
https://www.zendenslo.com/events/2019/3/12/6oqo496ael8ire07cb8lfh3nhvlkfb-l69th/,michelle@slolac.com,info@zendenslo.com
https://www.studioxfitness.com/acupuncture/,getfit@studioxfitness.com
http://www.benesserenj.com/portfolio/accupuncture-2/,info@benesserenj.com
https://jointventures.platformportal.com/acupuncture.html/
https://www.manayogahealth.com/?page_id=52/
https://www.palmhealth.com/our-team/emily-guilfoy-dc/,membership@palmhealth.com
http://www.angelhands.ca/book-now/,mihael@angelhands.ca,optout@endurance.com,privacy@endurance.com
https://www.charmcityintegrative.com/events/breakaway/,info@charmcityintegrative.com
https://theloftspabozeman.com/experiences/acupuncture/,theloftspa@gmail.com
https://www.pranayogastudio.ca/events/event/asana-acupuncture-mystical-union-of-ancient-arts/,yoga@pranayogastudio.ca
https://www.iamthat-yoga.com/events/post-yin-acupuncture-november/,hello@iamthat-yoga.com
https://staywellhealth.co.uk/pricing-2/,tom@staywellhealth.co.uk
http://www.rechargesport.com/bend-sports-acupuncture/,info@rechargesport.com
https://www.thankyou-mama.com/massage/
https://essencehove.com/therapy/complementary/acupuncture/1/,info@essencehove.com
https://www.remedy11.com/home-acupuncture/,hello@remedy11.com
https://www.melbourneosteopathycentre.com.au/blog/health-well-being/whats-the-difference-between-dry-needling-and-acupuncture/,info@melbourneosteopathycentre.com.au,info@themerex.net,info@melbourneosteopathycentre.com
https://www.acesportsclinic.com/acupuncture.html/
https://www.vibenaturalhealth.com.au/acupuncture-brisbane/68/
https://yogafromtheheart.com/calendar/event/de-stress-yoga-acupuncture/
https://www.bridgehamclinic.com/services/acupuncture/
https://riverstonewellness.ca/acupuncture-edmonton/,info@RiverStoneWellness.ca
https://www.empowerhealth.ca/event/community-acupuncture-mondays-3-2/
https://balancestudiocohasset.com/mindfulness/,balancestudiocohasset@gmail.com
https://myosense.com/2016/10/04/experience-a-new-level-of-healing-with-acu-float/,info@myosense.com
https://pregnancytreasures.com/acupuncture-and-pregnancy/,desk@pregnancytreasures.com,desk@PregnancyTreasures.com
https://blissbody-yoga.com/acupuncture-yoga-mini-retreat-saturday-nov-12th-anisha/,info@blissbody-yoga.com,unsubscriberequest@constantcontact.com
https://www.thrivewellnesscentre.com.au/acupuncture/,info@thrivewellnesscentre.com.au,info@thrivewellnesscentre.com
https://www.rivieraspamassage.com/acupuncture/?lang=es/,info@rivieraspamassage.com
http://www.allstill.com/events/2018/1/15/yogapoke-yoga-accupuncture-an-integrated-experience/,allstill@mac.com
https://www.bendcommunityhealing.com/workshops--events/settling-into-the-solstice-dec-18th-from-430-630pm-a-restorativeyoga-nidra-workshop/,bendcommunityhealing@gmail.com,info@bendcommunityhealing.com
http://harborsquare.com/can-an-acupuncture-treatment-help-with-my-workouts/,email@domain.com
https://www.yoga-360.com/single-post/2016/1/21/Take-Your-Yoga-Practice-to-the-Next-Level-with-Acupuncture/,hello@yoga-360.com,michelle@yoga-360.com
https://www.prestonwynne.com/tag/acupuncture/,info@prestonwynne.com,anjeanette@prestonwynne.com,matt@prestonwynne.com,laura@prestonwynne.com
http://www.shalom360.com/events/2019/11/15/yin-live-healing-sounds-acupuncture/,info@shalom360.com
https://www.thebodyrefinery.com.au/dry-needling-versus-acupuncture-2/,info@thebodyrefinery.com.au,info@thebodyrefinery.com
https://www.yogapatch.com/post/5-ways-acupuncture-heals/
https://www.kocoonspalounge.com/blogs/news/tagged/acupuncture/
https://resolution.health/acupuncture-cupping/
https://personamedicalspa.com/tag/acupuncture/
http://slolac.com/contact/
https://www.reformpilatespdx.com/acupuncture-andrea-lane-l-ac-maom/,info@reformpilatespdx.com
http://blog.ottawaholisticwellness.ca/2014/05/a-2013-study-acupuncture-may-help-depression.html/
https://onebreathhealing.com/new-events/2018/6/23/restore-acupuncture-meditation/,connect@onebreathhealing.com, connect@onebreathhealing.com
https://webreathewellness.com/collaborative-directory/business-category/acupuncture/,
http://www.bindu-studio.com/restorative-workshops/,binduyogawpb@gmail.com,binduyogaWPB@gmail.com
http://www.thewellnessnook.com/blog/2016/7/28/what-to-expect-at-your-first-acupuncture-treatment/
https://www.jewelcityyogabk.com/event-calendar/2017/12/9/super-saturday-wellness-workshops-yoga-acupuncture/,jewelcityyoga@gmail.com
https://unionstreetyoga.com.au/events/yin-pins/,
https://www.sustaincommunityacupuncture.com/why-acupuncture/,info@sustaincommunityacupuncture.com
http://www.thamesstreetyoga.com/workshops/2017/2/26/yin-and-acupuncture/,erincoonan@thamesstreetyoga.com,doyle@gmail.com
https://9evnts.com/events/support/deep-stretch-yoga-acupuncture-savasana-with-wendy-swanson/,info@9evnts.com.com,info@9evnts.com
http://www.invivowellness.com/category/staff/acupuncturist/,info@invivowellness.com,abuse@constantcontact.com,membership@invivowellness.com,ptbilling@invivowellness.com
http://fahrenheitbodyspas.com/community-acupuncture/,management@fahrenheitbodyspas.com
https://www.saltroomladylake.com/yoga-acupuncture-1/
https://www.splendormtndayspa.com/specialty.html/
https://www.ampyogastudio.com/acupuncture/,info@ampyogastudio.com,sayacupuncture@gmail.com
https://nuurvana.com/event/breathe-easy-kundalini-acupuncture-workshop-lungs/,hello@nuurvana.com
https://www.clerkenwellislingtonclinics.co.uk/2020/03/11/give-mum-something-a-little-special-for-mothers-day/,info@clerkenwellislingtonclinics.co.uk
https://www.fargoacupuncture.com/services-and-pricing/,lexi@fargoacupuncture.com,wixofday@wix.com
http://www.functionfirst.com/wp/tag/acupuncture/
https://monkeymindwellness.com/events/2020/1/6/community-acupuncture-ywhch-7m4xa-zfleb-2tdgh/,info@monkeymindwellness.com
https://www.reikiyoga.com/reiki/,info@reikiyoga.com,info@bronwynayla.com,wixofday@wix.com
http://islandacupunctureobx.com/book-online/,islandacupunctureobx@gmail.com
https://pulsepdx.net/?tag=acupuncture/
https://www.fmcmindbodyretreat.com/acupuncture/,mySHRteam@Gmail.com
https://www.thenaturalartofskincare.ca/acupuncture/
https://www.creativewellnessgroup.com/aura-cleansing-sound-therapy-1/,creativewellnessgroup@hotmail.com,wterrybeck@gmail.com
https://livewellhealthandphysiotherapy.com/baden/acupuncture/
https://www.acupuncturephysiciansgroup.com/ems/,KimBociek@gmail.com
http://bloomanashville.com/blooma-nashville-grand-opening/
http://natureworks.net/therapies/acupuncturetherapies/
https://www.healingartscollective-pa.com/south-philly-community-acupuncture/,healingartscollective.pa@gmail.com,pa@gmail.com
http://www.maha-yoga.com/wellness-center/services/sports-acupuncture/,karin@maha-yoga.com
https://breakthruptfitness.com/massage-acupuncture/,info@breakthruptfitness.com
https://www.labrigadefamiliale.com/saadiamaaroufi/
https://www.phoenixhealthandwellbeing.org.uk/category/private-acupuncture/,info@phoenixhealthandwellbeing.org.uk
https://www.acupunctureoffbroad.com/schedule-an-appointment/,info@acupuntureoffbroad.com
https://www.summertownclinic.co.uk/acupuncture-for-new-practitioners-book-launch-by-john-hamwee/,%20hello@summertownclinic.co.uk,hello@summertownclinic.co.uk,%20practicemanager@summertownclinic.co.uk,%20ruthbanfield@summertownclinic.co.uk,%20reception@summertownclinic.co.uk,%20enquiries@summertownclinic.co.uk
https://www.gloyeskeacupuncturepointe.com/event/yoga-acupuncture-workshop-gratitude/,adam@gloyeskeacupuncturepointe.com
http://becomepowerful.com/2012/02/29/empower-receives-acupuncture/,contact@becomepowerful.com,info@acushea.com,info@becomepowerful.com
https://androidapp.jp.net/apk/1494023231/modern-acupuncture-usa/,example@domain.com
https://www.findyoga.com/studio/botannix-yoga-studio/events/sound-bowls-acupuncture-and-restorative-yoga-with-dara-loughrey/
https://britanniabodyworks.com/tag/acupuncture/,info@britanniabodyworks.com
http://www.studiozeepilates.com/studio-rates/,info@studiozeepilates.com,info@delasolyoga.com
http://www.thevalepractice.co.uk/treatments/body/acupuncture/
http://dewyoga.net/news-cancelations/,nejirwin@gmail.com
https://www.cascadewellness.com/category/blog/,sarah@cascadewellness.com
http://www.yanacupunctureandmassage.com.au/,yanacupuncture@hotmail.com
https://www.pilatespluslondon.co.uk/timetable-and-prices/,pilatespluss@hotmail.co.uk
https://lkacupuncture.com/
https://www.theyogaroomcypress.com/workshops/2018/11/5/para-nidra-yoga-and-acupuncture-with-sara-eavenson-and-kim-marrone/,theyogaroomcypress@gmail.com
https://sabrina-hope.squarespace.com/acupuncture-for-pregnancy/,info@rebirthwellness.ca
https://www.fireflyhollowwellness.com/acupuncture-york/,fireflyhollowwellness@gmail.com
http://www.peacestrengthyoga.com/2016/06/23/yoga-meets-acupuncture/,peacestrengthyoga@gmail.com
https://www.simplynaturaltherapies.com.au/home-banners/acupuncture/,info@simplynaturaltherapies.com.au,info@simplynaturaltherapies.com
https://www.stateraintegrated.com/post/can-acupuncture-treatments-help-with-fertility/,nhutchison@stateraintegrated.com,lpeterson@stateraintegrated.com
https://smithstreetyoga.com/event/autumn-equinox-yoga-with-acupuncture/,smithstreetyoga@gmail.com
http://guidingwellness.com/2016/07/26/new-intro-qigong-acupuncture/,info@guidingwellness.com,DocRhi@MeridianExerciseTherapy.com
https://www.yogabyoga.com/events/2019/4/7/chakra-balancing-yoga-acupuncture-mtypr/,brenda@yogabyoga.com
https://www.wholebodymantra.com/events/acupuncture-reiki-event-03152020/
https://www.davidallenlac.com/,wixofday@wix.com
https://paramount-health.com.au/difference-between-acupuncture-and-myofascial-dry-needling/
http://acupuncturekcmo.blogspot.com/
https://healingwaycenter.com/event/magic-monday-acupuncture/,info@healingwaycenter.com
https://vitalityspa.com/category/physician-care/acupuncture/,info@vitalityspa.com
https://www.pilatesklinik.co.uk/ufaqs/how-many-treatment-sessions-are-required-for-acupuncture-to-be-effective/,email@domain.com,info@pilatesklinik.co.uk
https://www.foresthillphysiotherapy.ca/acupuncture/,info@foresthillphysiotherapy.ca
https://www.lighthouseyoga.com/blog/2013/12/23/yin-yoga-acupuncture-3ybjm/,info@lighthouseyoga.com
http://www.resetwellness.ca/blog/tag/classic+acupuncture/,%20contact@resetwellness.ca
https://www.backtobasicsamarillo.com/using-acupuncture-tool-quit-smoking/,backtobasicsamarillo@gmail.com
https://www.bethesdasaltcave.com/acupuncture-landing-page/,SaltCave@comcast.net
https://www.shiftyogastudio.com/community-acupuncture/
https://livetothrive.ca/about-thrive/,kimlivetothrive@gmail.com,info@livetothrive.ca
https://healthplace.com.au/the-team/graham-3/
https://wellconnectedtwincities.com/spreading-good-local-nonprofits-opportunities-to-donate-wellness-services/,info@blooma.com,acupuncturewithrachel@gmail.com,rosehalewellness@gmail.com,anna@posturalhealing.com,info@yokefit.co
https://woodberrywellness.com/practitioners/tiffany-houchins/,healpoint@gmail.com,hello@woodberrywellness.com
https://deepreliefaustin.com/march-22nd-2018/,info@deepreliefaustin.com
http://www.halfmoonayurveda.com/every-thursday-evening-beginning-october-8th-communal-style-acupuncture/acupuncture-climbers/,halfmoonayurveda@gmail.com
https://layerswellness.com/tag/acupuncture/,info@layerswellness.com,booking@layerswellness.com
https://www.yogaventures.com.au/yin-and-pin-acupuncture-bliss/,hello@yogaventures.com.au,hello@yogaventures.com,wixofday@wix.com
https://www.justadjustit.com/acupuncture-alexandria/,contact@justadjustit.com
https://purehealth.ie/tag/acupuncture-ongar/,reception@purehealth.ie
https://dreamhivenyc.com/calendar/shift-community-acupuncture/,dreamteam@dreamschoolnewyork.com
https://www.bodhimassagesandiego.com/may-acupuncture-special/
https://www.islandretreatspa.com/acupuncture-treatments/,ISLANDRETREATSPA@GMAIL.COM,ISLANDRETREATSPa@gmail.com
https://acupuncturesofla.com/staff.html/
http://www.daquinoacupuncture.com/new-page/,daquino.acupuncture@gmail.com,acupuncture@gmail.com
http://www.sapwellness.com/physiotherapy/,penny@preventacare.ca
https://www.platinumormond.com/whatrsquos-new/yin-yoga-acupuncture-workshop-is-back/,alexandrea@platinumormond.com
http://www.anandaintegration.com/services/
http://twotreesacupuncture.com/us_main_page_section/services/,info@twotreesacupuncture.com
https://www.kendralay.com/blog/april-stress-buster-special/
https://essentialbalancetampa.com/holistic-wellness-services/acupuncture-tampa-seminole-heights/,Info@EssentialBalanceTampa.com
http://www.midwestacupuncturegroup.com/contact-acupuncture-chicago/,info@midwestacupuncturegroup.com
https://anahatahealth.co.uk/therapies/ear-acupuncture/
http://pihservices.org/category/acupuncture/,INFO@PIHSERVICES.ORG
https://www.spinehealthstability.com.au/acupuncture/,info@spinestability.com.au,info@spinestability.com
https://tortoise-violet-y9lx.squarespace.com/acupuncture/
https://theselfcentre.com/direct-billing-insurance/
https://www.swmassage.ca/sw-calgary-massage-services/acupuncture/,info@swmassage.ca
https://elementalhealth.net.au/your-treatment/acupuncture/,info@elementalhealth.net.au
https://www.fitspaokc.com/acupuncture/
http://www.breathepdx.com/acupuncture/,thewheelspinsagain@gmail.com,info@breathepdx.com
https://relaxwilmington.com/category/infinity-acupuncture/,info@relaxwilmington.com
http://www.ericclarkwellness.com/acupuncture/,info@ericclarkwellness.com
https://trulyyogastudio.com/acupuncture/,radianthealth@live.com,trulyyogastudio@gmail.com
https://www.herewestudy.ca/wellnesspricing.html/,hello@herewestudy.com
https://acupunctureoffbroad.squarespace.com/schedule-an-appointment/,info@acupuntureoffbroad.com
http://yogashinenipomo.com/shinyblog/2016/11/8/yoga-and-acupuncture-workshop-with-cahtryn-aiken/
https://brisbanenaturalfertility.com.au/fertility-month-new-clients-receive-a-complimentary-11-nutrition-consult/,info@brisbanenaturalfertility.com.au,info@brisbanenaturalfertility.com
https://www.pereaclinic.com/acupuncture-dry-needling/,enquiries@pereaclinic.com
https://www.megcaseyacupuncture.com/blog/,meg@megcaseyacupuncture.com,megcaseyacupuncture@gmail.com
https://www.totalhealthandhealing.com/Services/Acupuncture/
https://www.kandislocknd.ca/naturopath-ottawa/acupuncture-tcm/,drkandis@somersethealth.ca
https://www.thehotyogabarre.com/events/yin-accupuncture-workshop/
https://physiofitstudio.com.au/tag/acupuncture/,frauke@physiofitstudio.com.au,frauke@physiofitstudio.com
https://lawrenceacupuncture.com/page/events/
https://www.iheartkundaliniyoga.com/workshops/2019/5/4/kapha-balancing-a-restoration-into-consciousness-a-new-moon-kundalini-and-esoteric-acupuncture-attunement-w-abhaijot-kaur-amp-veronica-timiras/,iheartkundaliniyoga@gmail.com
https://alamedacommunityacupuncture.squarespace.com/,info@alamedacommunityacu.com
https://spinestretchstudio.com/what-is-acupuncture-detoxification-acudetox/
https://www.omcoreyoga.com/events-1/yin-restorative-yoga-acupuncture/
http://www.acu-stones.co.uk/book-online.html/
https://greenlotusyogactr.squarespace.com/healing-therapeutic-experts/donna-sandberg-acupuncture/,info@greenlotusyogactr.com,name@email.com
https://www.mindbodyjournal.com/mindfulness/what-are-your-intentions/
https://www.5280cryo.com/doc-talk/denver-acupuncture/,5280cryo@gmail.com,5280recoveryclinic@gmail.com
https://naturalwestmichigan.com/directory-crg/listing/chinese-medicine/,Scheduling@wmacupuncture.com
https://www.breathesaltyoga.com/yoga-events-jupiter-fl/2017/9/30/get-ready-to-focus-on-the-2nd-sacral-chakra-2hr-yoga-acupuncture-session/,breathesaltyoga@gmail.com
https://ekahlife.com/event/qigong-pop-up-class-at-beloved-world-yoga/,info@ekahlife.com
http://www.govergym.co.uk/therapies/reflexology-and-acupuncture/
https://alistcalendar.com/Events/7401/
https://www.greatlakeshealthohio.com/acupuncture/
https://www.jayguanciacupuncture.com/blog/,jay@jayguanciacupuncture.com
http://jcheightsyoga.com/harness-the-energetics-of-spring-by-cleansing-inside-and-out/
https://linjiling.blogspot.com/p/acupuncture.html/
https://www.alumayoga.com/restorative-acu-jan-2020/,info@alumayoga.com
https://boulderbodyworks.com/acupuncture/,info@boulderbodyworks.com
https://sydneymaa.com.au/pilates/,enquiries@sydneymaa.com.au,enquiries@sydneymaa.com
https://evolve-massage.ca/acupuncture/,info@evolve-massage.ca
https://www.bohoyogastudio.com/events/2020/3/8/face-yoga-acupuncture-with-rose-schneider-and-chelsea-ochs/,bohoyoga@gmail.com
http://www.lokayogaoakland.com/p/acupuncture-and-yoga.html/
https://largsbayhealthandyoga.com/acupuncture/,info@largsbayhealthandyoga.com,melissa@esthesisphysio.com.au,melissa@esthesisphysio.com
http://idoglobalwedding.com/cupping-and-acupuncture/
https://drlaurenwarner.com/page/fw-community-acupuncture/
http://communi-qi.com/services-1/
http://www.mananaturalhealth.co.nz/acupuncture/
https://ipswichmassage.com.au/depression/anxiety/acupuncture/2018/09/21/acupuncture-for-depression.html/,enquiry@ipswichmassage.com.au,enquiry@ipswichmassage.com
https://www.sonayoga.com/whats-on/2019/12/21/summersolsticeyinandpins/,info@sonayoga.com
https://www.lucentacupuncture.com/appointments/
https://www.thegentleplace.com/free-intro-acupuncture-workshop/, Donna@thegentleplace.com,Donna@thegentleplace.com
https://www.sagewellness.com/acupuncture-private-instruction/,rhortonwhite@soulfulworkconsulting.com,melora.gregory@icloud.com,gregory@icloud.com,info@sagewellness.com,Melissa@sagewellness.com,Kate@sagewellness.com,jeed_jeb9@icloud.com,bcoffin4@gmail.com,jillsmithlmt@gmail.com,akendallmarsh@gmail.com,melissalambwalsh@gmail.com,katesomervillelmt@gmail.com
https://acupuncturewilliamsburg.com/unlearning-stress/,info@unlearningstress.com,info@acupuncturewilliamsburg.com
https://www.beachsideacupuncture.com/blog-educate-yourself/
https://www.themitchellhillclinic.co.uk/booking/
https://www.thisislifewellness.com.au/maryanne-loving-acupuncturist/
https://rubmetherightway.com/acupuncture/,rmtrwmassagether@aol.com
http://kronk.com.au/acupuncture.html/
https://www.susannasatten.com/events/2018/11/14/yoga-acupuncture/,susanna@susannasatten.com
https://absolutewellnesshealingspa.com/acupuncture.php/
http://www.bodysynergyonline.com/acupuncture/
https://boulderfamilyacupuncture.com/Hospital-Patients/
https://tutore.org/acupuncture-soap-note-template.html/
http://www.invernesstherapyclinic.com/testimonial/acupuncture-margaret/
https://www.fertilityacupuncture.ie/uncategorized/,info@fertilityacupuncture.ie
http://www.innerlightspa.com/the-spa/acupuncture/
http://www.mingchengclinic.co.uk/dr-cheng-at-anamaya.html/,mingchengclinic@yahoo.co.uk
https://www.soho-wellness.com/tag/acupuncture/
http://www.alamedacommunityacu.com/?ref=localdatabase/
https://www.nurturewholehealth.com/acupuncture/,info@nurturewholehealth.com
https://ravivevitality.com/category/acupuncture/,info@ravivevitality.com,info@revivevitality.com,i nfo@ravivevitality.com,nfo@ravivevitality.com
https://renewmassagestudio.com/services/acupuncture/,frontdesk@renewmassagestudio.com
https://yogaandhealthcollective.com.au/acupuncture-fertility-sue-booth/
http://www.urlje.com/w.boulderfamilyacupuncture.com/
https://www.botannixyogastudio.com/soundsoak/,yoga@botannixyogastudio.com.au,yoga@botannixyogastudio.com
https://jaxpilates.com/acupuncture/,bodybi@gmail.com,abuse@constantcontact.com
https://www.drmaggiejuacupuncture.co.uk/our-acupuncture-service/
https://elysianwellnesscentre.com/acupuncture-ottawa/,info@ewcentre.com
http://goseedoctorpeters.com/?page_id=193/
https://www.sfstudioslondon.com/acupuncture/,info@sfstudioslondon.com
https://www.theurbanyou.com/event-calendar/2018/1/22/free-acupuncture-event/,hello@theurbanyou.com
http://www.jenhelps.com/fresh-content/2016/10/20/laura-b-talks-about-the-bliss-of-acupuncture/,jen@jenhelps.com
http://www.intouchsf.com/events/2015/8/14/dream-seed-a-shamanic-sound-journey-acupuncture-healing-circle/,j@intouchsf.com
https://www.logandyeracupuncture.com/,logandyeracupuncture@gmail.com,wixofday@wix.com
https://livingwellsalem.com/acupuncture-1/,moreinfo@livingwellsalem.com
https://pranapilatesandyoga.com/tag/acupuncture/,pranapilatesandyoga@gmail.com
https://www.healthynewvibes.com/classes-schedule/,info@healthynewvibes.com
http://www.beckycastano.com/home.html/,beckycastano@live.com,npacupuncture@gmail.com
https://www.oceandayspa.com/medical-acupuncture.html/,info@oceandayspa.com
https://www.bodyblueprintcenter.com/community-acupuncture/,bodyblueprintcenter@gmail.com
https://www.5lightsacupuncture.com/sound-calendar/2019/2/3/sound-bath-meditation/,amber@5lightsacupuncture.com
https://www.pointsclinic.co.uk/blog/how-to-stay-sane-during-the-lockdown/,hello@pointsclinic.co.uk
http://www.taichi-wellness.com/news/news_cont.php?nid=221&subject=Holiday+Special+Discount!++Purchase+a+massage+for+$40+(excludes+Hot+Stone+massage)/
https://saltroomwesleychapel.com/services/acupuncture/,info@saltroomwesleychapel.com
http://earthyoga.dk/facial-acupuncture/,info@earthyoga.dk
https://www.bodymind-spa.com/ACUPUNCTURE.html/
http://mike-phillips-4rh1.squarespace.com/acupuncture/
http://ne.fitness/2018/03/28/restorative-yoga-acupuncture-workshop/,info@ne.fitness
http://www.manitouacupuncture.com/schedule-appointment/,719acupuncture@gmail.com
https://bennett-windheim-aq8p.squarespace.com/service-acupuncture/
https://storefollow.com/app/id1245778614/Brooklyn+Acupuncture+Project/
http://rosslandevents.ca/classifieds/node/119862/
https://www.papagocrossfit.com/post/2017/09/19/acupuncture-in-savasana/,chris@papagocrossfit.com
https://www.bostonintegratedhealth.com/appointments.html/
http://www.onformphysio.co.nz/services/acupuncture/,info@onformphysio.co.nz
http://www.urlju.com/w.healingtr.com/
http://canmorehotyoga.com/blissmas-yoga-and-acupuncture/,hilary@canmorehotyoga.com
https://www.juliankeenangrow.com/blog/categories/pain-relief/
https://cocoonsantamonica.com/weekly-classes/,info@cocoonsantamonica.com
https://on-pointacu.com/services/massage-therapy-in-beckley-wv/,info@on-pointacu.com,info@www.on-pointacu.com
https://serra-chase-aryd.squarespace.com/blog/,info@brooklynacupunctureproject.com,Info@BrooklynAcupunctureProject.com
https://yogaeveryday.com.au/yin-pins-acupuncture/,hello@yogaeveryday.com.au,hello@yogaeveryday.com
https://www.redlotushealth.com/appointments/,jenni@redlotushealth.com
https://rivahealthwellness.com/acupuncture/
https://www.amethystnm.com/new-page/,admin@amethystnm.com
http://greenappleacupuncture.com/blog/,joey@greenappleacupuncture.com
https://debra-dower-ayfb.squarespace.com/acupuncture/
http://www.naturalpathwellness.ca/services/acupuncture/,massage@naturalpathwellness.ca
https://lavenita.com/trigger-points-and-dry-needling/
https://www.totalphysiomv.com/services/acuputure-dry-needling/,reception@totalphysiomv.com
http://saltroomvillages.com/acupuncture/,info@saltroomvillages.com,info@saltroomladylake.com,info@SaltRoomLadyLake.com
https://www.bestmassageintucson.com/Discounts-and-Offers-s/150.htm/
https://espacebienetre.ca/acupuncture/
https://www.onebodystudios.com/experience-the-benefits-of-acupuncture-for-yourself/,info@onebodystudios.com
http://www.psyogachicago.com/auricular-acupuncture.html/
https://www.alexandriamassagetherapy.com/washingtondc-services/acupuncture.html/
https://www.claudiawhitney.com/connectionandclarity/,hello@claudiawhitney.com,HELLO@CLAUDIAWHITNEY.COM
https://www.angelicaandpeony.com/ap-blog/2015/11/23/friday-special-holiday-gift-guide/,kirsten@angelicaandpeony.com
https://arrivereproductivemedicine.com/blog-wellness-for-women/2019/3/25/spring-liver-cleanse/,annechiaramonte@gmail.com,Anne@arrivereproductivemedicine.com,info@lumayoga.com
https://www.life-source.com.au/blog/detox-with-tcm/,bliss@life-source.com.au
https://www.life-source.com.au/blog/detox-with-tcm/,bliss@life-source.com.au
https://www.creativewellnessstrategies.com/events/,info@creativewellnessstrategies.com
https://www.yogagracevt.com/events/2018/1/13/winter-water-and-wisdom/,jen@yogagracevt.com
http://bridgetoavalon.com/event/sacred-acupuncture-meditation-deepen-your-internal-connection-2-2/,jeannine@bridgetoavalon.com,name@email.com
https://www.verbenaholisticcenter.com/acupuncture/
https://www.mamawellacu.com/conditions-treated.html/
https://nurturingspiritacupuncture.com/form/appointments/
https://www.inner-balance.com/acupuncture/,wixofday@wix.com
https://www.idocenter.com/category/acupuncture/
http://eric-clark-w0c4.squarespace.com/acupuncture/,info@ericclarkwellness.com
https://relaxingwellness.ca/services/acupuncture-calgary-se/
https://journeywithin.com/acupuncture/,eben@eyebytes.com
https://www.seatonvillageacupuncture.com/cupping-seaton-village-acupuncture-massage-toronto-ontario/,info@onpointacupuncturelkn.com,seatonvillageacu@rogers.com,gailh@rogers.com,sonjam@rogers.com
https://www.chiropracticremedy.com/acupuncture/,hello@chiropracticremedy.com
https://www.kulaheartyogaandwellness.com/winter-acupuncture-specials/
https://www.befitsrq.com/latest-news/entry/acupuncture-by-hsin-hsin-at-befitsrq/,info@befitsrq.com
https://www.mulberryleafacu.com/,info@mulberryleafacu.com
http://www.fitnessatbodymoves.com/news/celebrate-3rd-anniversary-february-6-13/,info@fitnessatbodymoves.com
https://www.livingwaterstherapies.ca/acupuncture-2/,
http://www.oneworldacupuncture.com/about-us/bio-jane/
https://39minuteworkout.com/five-element-acupuncture/,admin@39minuteworkout.com
http://www.urljc.com/w.southridingacupuncture.com/
https://www.discoverw2w.org/acupunture-making-a-difference/
https://www.mobilehealthandwellness.com/acupuncture/,info@mobilehealthandwellness.com,mhw@mobilehealthandwellness.com
http://www.salverehealthandfitness.com/aAcupunctureLanding8.html/
http://myelementalalchemy.blogspot.com/2013/10/soooo-what-is-community-acupuncture.html/,unsubscriberequest@constantcontact.com
http://cosmeticacupunctureuk.blogspot.com/2011/12/facial-enhancement-acupuncture.html/
http://yogamamalondon.blogspot.com/search/label/Acupuncture/
https://www.2thepoints.com/about/,support@schedulista.com
https://www.zoraskincareandwellness.com/acupuncture-north-vancouver/,zoraskincare@gmail.com,zoraskincareandwellness@gmail.com
http://www.integrativeacupunctureclinic.com.au/contact.html/,amrit@integrativeacupunctureclinic.com.au,amrit@integrativeacupunctureclinic.com
https://cmsequilibre.com/category/acupuncture/
https://enlightenedearthhealing.com/acupuncture/
https://bhavanamaine.com/portfolio-item/acupuncture/,contact@bhavanamaine.com
https://www.gentlestrengthyogastudio.com/acupuncture/,gentlestrengthyogastudio@gmail.com
https://www.jeanniejkim.com/blog/acupuncture-psychosomatic-pain-20180518/
https://jennnobleyoga.com/upcoming-events-and-workshops/2018/3/10/gentle-yoga-song-and-acupuncture/,JennNobleYoga@gmail.com
https://ohionaturopathic.com/videos/dr-val-discussing-acupuncture-on-wfmj-midday-11-12-2015/
https://mail.drphilipwarner.com/locations/page4.html/
http://www.phillyfertility.com/Set/
https://snail-sphere-kppa.squarespace.com/home-acupuncture/,hello@remedy11.com
https://yoga-star.squarespace.com/acupuncture-cosmetic-acupuncture/,info@yogastar.ca
https://www.ahealershand.com/tag/acupuncture-fertility/
http://www.spavive.com/acupuncture/,cheriess@cherhawaii.com
https://evokemedicine.squarespace.com/resilience-blog/acupuncture-myths-debunked/,info@evokemedicine.com
https://www.anokamassage.com/what-is-acupuncture/q-a/
https://kelly-carlson-3d69.squarespace.com/special-offerings/2019/11/22/seasonal-balance-yin-yoga-amp-acupuncture-fall-edition/,mountainomyoga@shaw.ca,mountainom yoga
https://www.kunjitang.com/contact/,kunjitang@gmail.com
http://feather-stone.com.au/acupuncture-appointments/,admin@feather-stone.com.au
https://www.mysticflowwellnesscenter.com/acupuncture.html/,info@mysticflowwellnesscenter.com
https://www.opalacupuncture.com/testimonials/general-well-being-1/
https://lightspacechicago.com/2015/09/whats-acupuncture-about-anyway/,info@lightspacechicago.com
https://tangerine-cube-gcd9.squarespace.com/acupuncture/,edinburgh@nealsyardremedies.com
https://octagon-dodecahedron-5sgl.squarespace.com/acupuncture/,info@lifespacehealing.com
http://www.mintandthyme.com/acupuncture/,admin@mintandthyme.com
https://allseasonsacupuncture.com/reservation-location/,info@allseasonsacupuncture.com
http://www.optimalhealthandfitness.com/chinesemedicineacupunctureweightlossintegrativehealth/chinese-medicine/,info@optimalhealthandfitness.com
http://www.essentialwellnesscenters.com/acupunctureipc-ipc/,ewc.wellness@gmail.com,wellness@gmail.com
https://optimalwellnessaz.com/acupuncture-and-menopause/,webmaster@optimalwellnessaz.com
http://vermontacupuncture.com/winter-cleanse/,laura@allwellnessvt.com,kelly@VTacupuncture.com
https://cloud9acuclinic.com/blog/page/22/
https://www.formlessformqigong.com/locations-services/,Peng@FormlessFormQigong.com,wixofday@wix.com
http://www.toddplymalemallory.com/acupuncture/,Mechanic@ToddPlyMaleMallory.com,craig@gmail.com,Mechanic@ToddPlymaleMallory.com
https://penny-stratas.squarespace.com/physiotherapy/,penny@preventacare.ca
http://simplyyogaindy.com/facebook-events/acupuncture-yoga-for-seasonal-allergies/,sally@simplyyogaindy.com
https://www.amityvillewellness.com/blog/free-acupuncture-for-oncology-patients/,frontdesk@amityvilleacupuncture.com
https://atlasacupuncturevt.com/contact/,atlasacupuncture@gmail.com
https://terrylittlefield.com/workshops-playshops/
http://www.alightalive.com/monthly-workshop-series-acupuncture-for-deep-relaxation.html/
https://www.epsomphysiotherapy.co.uk/physiotherapy/western-acupuncture-for-pain-relief/,
https://soybean-violin-8fws.squarespace.com/services-acupuncture-hampton-nh/,info@seacoastflote.com
https://healthyspinecenter.com/acupuncture/
http://solaceacupuncture.ca/pg1.asp?siteID=1&PIT=Contact/
https://awakeboulder.com/free-public-talk-access-your-deepest-embodiment-w-five-element-acupuncture/
https://christie-gera.squarespace.com/special-events/2018/4/29/community-acupuncture/,info@moondogyoga.com
https://kinespirit-circle.squarespace.com/blog?category=Acupuncture/,name@email.com,circle@kinespirit.com
http://awaken-acupuncture.com/resetpassword.aspx/,awakenacupuncture@gmail.com,AwakenAcupuncture@gmail.com
https://www.acupunctureofwestmichigan.com/contact/,scheduling@wmacupuncture.com
http://citysocialcville.com/event/paywhatyoucan-community-acupuncture-twenty-to-fifty-dollars/,CitySocialCville@gmail.com
https://www.mydrcline.com/pilates/
https://sattvamn.squarespace.com/acupuncture/
https://cultureathletics.studio/event/esoteric-acupuncture-sound-bath/,studio@cultureathletics.com
https://yogabyoga.squarespace.com/events/2019/4/7/chakra-balancing-yoga-acupuncture-mtypr/,brenda@yogabyoga.com
https://thrivespace.squarespace.com/practice-journal/2018/11/14/acupuncture-and-cancer-care/,office@thrivespace.net
https://lorraine-lavenita-xt7e.squarespace.com/trigger-points-and-dry-needling/
http://ourkulayoga.com/acupuncture.html/
https://www.madridacupuncture.com/contact/,lorena@madridacupuncture.com,lorenarmadrid@gmail.com
http://innerlightouterpeace.com/home/2010/07/30/demystifying-accupuncture-with-eileen-karn/
http://www.mbcmf.com/acupuncture.html/
https://bryanah-bascon-5kgb.squarespace.com/stress/,info@wellfitstudio.com
https://www.orchidblossomacupuncture.com/,admin@orchidblossomacupuncture.com
https://www.progressivehealth.co/cancer-care/pain-management-with-acupuncture-an-interview-by-lauren-cates/,info@progressivehealth.co
https://www.vibrantlivingwc.com/hiroko-ogura-licensed-acupuncturist/,info@vibrantlivingwc.com
https://maritimecryotherapy.ca/services/acupuncture/
https://www.mintsmedical.com/blog-benefits-of-acupuncture/
https://bluewaterspa.squarespace.com/blue-water-spa/now-offering-acupuncture-massage-on-wednesday-introductory-offer/,Infobluewaterspa@gmail.com
https://thepeacewithinspa.com/happy-hour-acupuncture/
https://mentator.com/trinity_acupuncture.shtml/
https://www.t4uhcsp.com/contact-schedule-1/,t4uhc18@gmail.com,wixofday@wix.com
https://shannon-springer-6gqu.squarespace.com/blog/prenatalbackclass/,info@blueova.com
https://www.buenavidaptandwellness.com/massage/
https://wholebodywellnessnm.com/treatments/acupuncture/,info@wholebodywellnessnm.com
https://pichi-fernandez-trw3.squarespace.com/the-yoga-room/are-you-interested-in-acupuncture/,info@rryogaroom.com
https://erin-pass.squarespace.com/blog/will-feel-like-old-self/,acbwellness@acupunctureclinicofboulder.com,aserfes91@gmail.com
http://www.cityacupuncturetucson.com/about/,cityacupuncturetucson@gmail.com
https://sacred-kashi.squarespace.com/events/2019/2/9/group-acupuncture-amp-sound-healing-98y5w/,info@kashi.org
https://wildearthmedicine.squarespace.com/blog/2018/10/5/travel-guide-to-portland-oregon/,lenorerenewal@gmail.com
https://longmontcoloradochiropractor.com/longmont-acupuncture/,lefthandchiro@gmail.com,DrDrewIllman@gmail.com
https://www.backstromacupuncture.com/book-an-appointment/,honabackstrom14@gmail.com,wixofday@wix.com
https://www.leonardchiro.com/acupuncture/
https://robinetteacupuncturedenver.com/blog/summer-classes-fire-heart-health-and-natural-remedies-for-anxiety/,katie@robinetteacupuncturedenver.com
http://hudsonwellnesshb.com/acupunture/
https://lance-isakov-aact.squarespace.com/blog/ynewellness-com201312happy-giving-tuesday-html/,BeWell@VillageWellness.net,bewell@villagewellness.net,darthapo@gmail.com,emn178@gmail.com
http://www.jilliansoboacupuncture.com/book-an-appointment.html/,jillian@jilliansoboacupuncture.com
https://caley-hui.squarespace.com/blog?offset=1405970945000&category=Workshops/,info@yogalifestudios.ca
http://www.elizabethkominami.com/contact/,elizabeth.kominami@gmail.com,kominami@gmail.com
https://jessica-molleur.squarespace.com/blog-posts?offset=1560772800772&category=Acupuncture/,info@ombecenter.com
http://hydrayogatherapy.com/acupuncture-charlottesville-3/
http://hydeparkwellness.com/services/acupuncture.php/
https://www.acupunctureoregon.com/faq.html/,tracy@acupunctureoregon.com
http://dns1.siviki.com/node/108434/
https://broccoli-algae-snmg.squarespace.com/acupuncture-info-booking/
https://gutharmonysc.com/acupuncture/,luciano@latinotype.com
https://newellness.squarespace.com/events/2020/pti2jokb0ab5l1yapkjcgl68yqh3m4/,info@newellnessmpls.com
https://rob-krassowski-s6t9.squarespace.com/gestational-diabetes/,admin@texasfertilityacpuncture.com
http://resetwellness.squarespace.com/blog/tag/Acupuncture/,%20contact@resetwellness.ca
https://mackerel-turquoise-zyt5.squarespace.com/book-online/,appointment@calmspiritacu.com
https://studioclasique.squarespace.com/,info@studioclasique.com
https://judy-gibson.squarespace.com/acupuncturists/,7Directionsacupuncture@gmail.com,7directionsacupuncture@gmail.com,7DirectionsAcupuncture@gmail.com
https://www.sarahmajoracupuncture.com/testimonials-new/
http://www.bodhiqi.com/feldenkrais.html/
https://llama-tuba-7kcn.squarespace.com/events/2019/3/12/6oqo496ael8ire07cb8lfh3nhvlkfb-l69th-rjngs-j9n3s-3tshg-j3cyg-bla3z-ns425-5dsxj-8fn7a/,michelle@slolac.com,info@zendenslo.com
https://www.liganiacupuncture.com/insurance/
https://katherine-moore-hdfg.squarespace.com/workshops-events/yinandpin-waterelement/, allie.geer@gmail.com,gbarrett@comcast.net,geer@gmail.com
https://acupunctureacupressurepoints.blogspot.com/2020/09/acupuncture-bee-cave-tx.html/
https://inscapelife.squarespace.com/events/2018/11/27/acupuncturenov/
https://monkeymindwellness.squarespace.com/events/2020/1/6/community-acupuncture-ywhch-7m4xa-zfleb-p29k7/,info@monkeymindwellness.com
http://alamedacommunityacu.squarespace.com/news_events/?currentPage=6/
http://kirkforde.com/yoga.html/
https://brette-luck.squarespace.com/pregnancy-postpartum/,team@ohacu.com
http://jenniferacupuncture.blogspot.com/2009/
https://ian-warner-xss9.squarespace.com/blog/2019/4/3/getting-to-know-you-karen-hayes-licensed-acupuncturist-maom/,massagecapecod@gmail.com
https://kate-henderson-cz7e.squarespace.com/FAQ/,info@bedstuyacupuncture.net
http://onpointstudio.net/acupuncture-2/,onpoint@onpointstudio.net
https://lanshindev.herokuapp.com/treatments/FacialGuaShaAcupuncture/,hello@lanshin.com
https://pedramin-vaziri.squarespace.com/blog/2019/8/21/guest-post-the-president-of-dcs-acupuncture-society-tries-floating/,float@soulexdc.com
https://salthaus-nyc.squarespace.com/classes/2019/10/2/salt-acupuncture-wgx4h-me4yh-58j3m-pz48l-3dcah/,info@salthausny.com
https://www.kathleenstoneman.com/bookings-checkout/esoteric-acupuncture/,wixofday@wix.com
http://acupunctureidaho.blogspot.com/,query-7u4l@helpareporter.net,mailbox@eagleacupuncture.com,tony@eagleacupuncture.com
http://anisha-fraser.squarespace.com/workshops/2020/miniretreat-raleigh/
http://drkandislock.com/naturopath-ottawa/acupuncture-tcm/,drkandis@somersethealth.ca
http://jessica-caplan-xwgz.squarespace.com/sound-events/2019/6/15/restorative-yoga-sound-acupuncture-at-sky-ting/,jessicacaplanyoga@gmail.com
http://solaceacupuncture.com/pg1.asp?siteID=1&PIT=Contact/
http://www.snhealth.com/services.htm/
https://karmayogaomaha.squarespace.com/events/2017/2/25/somatic-movement-and-acupuncture-in-restorative-poses/,karmayogaomaha@gmail.com
https://peter-pierson-34gp.squarespace.com/blog/tag/acupuncture/,opendoorwrj@gmail.com,brittonmann@gmail.com
https://theremedymartinez.squarespace.com/acupuncture/,info@theremedymartinez.com
https://www.knoxacupuncture.com.au/
https://lindsay-lennartson-4ktd.squarespace.com/new-events/2018/6/27/triflow-for-conscious-conception-movement-acupuncture-meditation-xay35/,connect@onebreathhealing.com, connect@onebreathhealing.com
https://mandarin-tomato-bakd.squarespace.com/faq/,KimBociek@gmail.com
https://mary-bowering-hkp7.squarespace.com/,info@enjoycommunitywellness.com,info@communitywellness.com
https://susanna-satten-k505.squarespace.com/acupuncture/,susanna@susannasatten.com
http://www.eco-acupuncture.com/events/2019/1/16/community-clinic-cooper-city-the-yoga-nest/,Ecoacupuncture@gmail.com,EcoAcupuncture@gmail.com
https://amethystmindbody.squarespace.com/new-page/,admin@amethystnm.com
https://aqua-goby-ztpm.squarespace.com/blog-wellness-for-women/2019/8/29/roadmap-to-wellness-a-workshop-for-women/,annechiaramonte@gmail.com,Anne@arrivereproductivemedicine.com
https://dancingdogs.squarespace.com/ddy-events/2019/8/2/community-acupuncture-sound-bath/,shelley@dancingdogsyoga.com,savannah@dancingdogsyoga.com,tybee@dancingdogsyoga.com,atlanta@dancingdogsyoga.com
https://dawn-hayes-sn9n.squarespace.com/events/2019/4/13/yoga-amp-acupuncture-leap-into-spring-xlgmg/,contact@dawnhayesyoga.com,dawnhayesyoga@gmail.com
https://emilygraceacupuncture.squarespace.com/all/new-years-day-open-house-at-merge-new-york/,emilygraceacupuncture@gmail.com
https://meg-casey.squarespace.com/blog/,meg@megcaseyacupuncture.com,megcaseyacupuncture@gmail.com
https://merritt-tidwell.squarespace.com/restorative-workshops/2020/1/11/yin-restore-amp-acupuncture-workshop/,binduyogawpb@gmail.com,binduyogaWPB@gmail.com
https://stacey-ziebarth.squarespace.com/studio-rates-1/,info@studiozeepilates.com,info@delasolyoga.com
https://susan-leung-dsx7.squarespace.com/cesar-toledo-physiotherapist/
https://www.healingarttcmclinic.com.au/jillan-fu/,info@healingarttcmclinic.com.au,info@healingarttcmclinic.com
http://www.contentcreatives.com/aYouthAcu8.html/
https://ampyogastudio.squarespace.com/acupuncture/,info@ampyogastudio.com,sayacupuncture@gmail.com
http://hilario-pea.squarespace.com/shinyblog/2016/11/8/yoga-and-acupuncture-workshop-with-cahtryn-aiken/
http://jennifer-nery.squarespace.com/new-page/,jen@jenhelps.com
http://joy-montes.squarespace.com/workshops/2020/7/17/restorative-yoga-acupuncture-amp-reiki/,joyofyogastl@gmail.com,JoyOfYogaSTL@gmail.com
http://katie-noble-baar.squarespace.com/events-and-workshops/https/clientsmindbodyonlinecom/classic/wsstudioid232620sclassid870sdate11/10/2019sloc1stg35stype1/,emily@rootyogaoxford.com
http://naturalhealthcarenetwork.org/listingtags/acupuncture/page/20/,nathealthnetwork@gmail.com
http://radiant-health.squarespace.com/radianthealth-blog/2015/9/15/pushing-the-reset-button-2015-brooklyn-acupuncture-project-fall-cleanse/,nancy@radianthealthnyc.com,info@brooklynacupunctureproject.com
http://travis-mcwilliam-2qbo.squarespace.com/acupuncture/,info@trainlateral.com,anh@mikegeorgeinc.com
http://wellnessyxe.ca/acupuncture/,floatyxe@gmail.com
https://antonio-whiteley.squarespace.com/contactantonio/,Antonio@bodyandsoulacupuncture.com
https://armadillo-heptagon-jmbf.squarespace.com/blog/a-deep-dive-into-acupuncture-and-traditonal-chinese-medicine-with-healer-monica-helland/,theartoflivingwellpodcast@gmail.com
https://augusta-fishman-k2tw.squarespace.com/events/2020/3/1/nourish-align-an-afternoon-of-restorative-yoga-amp-acupuncture/
https://aumvibe.squarespace.com/vibe-events/2019/12/2/acupuncture-happy-hour/,hello@aumvibe.com
https://boulderholisticfertility.com/increasing-fertility-with-acupuncture-and-chinese-herbs-the-yin-phase/,support@wisdomofthewombonline.com
https://buffalo-bagpipe-d5rd.squarespace.com/events/the-metal-element-yin-yoga-amp-acupuncture-for-the-fall-season/,maegan@luteaherbs.com
https://dani-smith-bfj2.squarespace.com/sweat-report/studiomix-5-year/,hello@thesweatreport.com
https://elizabeth-kominami.squarespace.com/contact/,elizabeth.kominami@gmail.com,kominami@gmail.com
https://erin-coonan.squarespace.com/workshops/2017/2/26/yin-and-acupuncture/,erincoonan@thamesstreetyoga.com,doyle@gmail.com
https://event-playbook.com/acupuncture-2/,info@acesportsclinic.com
https://gold-octahedron-rn8x.squarespace.com/acupuncture/,marcgian@gmail.com,momoko.uno@gmail.com,omniwellnessnyc@gmail.com,uno@gmail.com
https://healingartscollective.squarespace.com/acupuncture/,healingartscollective.pa@gmail.com,pa@gmail.com
https://heather-ritenoursampson-6533.squarespace.com/events/2018/12/15/restorative-yoga-acupuncture/,namaste@yogatribemn.com
https://jen-moses.squarespace.com/acupuncture/,jenniferraycraft@hotmail.com
https://lisa-luther-lpsf.squarespace.com/workshops/2018/11/5/para-nidra-yoga-and-acupuncture-with-sara-eavenson-and-kim-marrone/,theyogaroomcypress@gmail.com
https://michael-riske-74hs.squarespace.com/acupuncture/
https://raspberry-olive-8k65.squarespace.com/events/2019/9/28/acuyoga-fall-harmony-workshop/,Zoe@SeasideFamilyAcupuncture.com
https://satnampreview.squarespace.com/community-acupuncture/,info@satnamyogachicago.com
https://still-soul-studio-draft.squarespace.com/events/2019/9/21/acupuncture-cacao-ceremony/,CONTACT@STILLSOULSTUDIO.COM
https://sweatsociety.us/event/spa-day-massages-acupuncture/
https://tarpon-flounder-9r4m.squarespace.com/acupuncture/
https://timirwin.squarespace.com/acupuncture/,getfit@studioxfitness.com
https://www.cityacusilverlake.com/,cityacusl@gmail.com
http://www.blueprintacupuncture.com/,rebeccakingacupuncture@gmail.com,rking@blueprintacupuncture.com
http://www.doctortomah.com/dr-tomah-articles/natural-remedies-for-anxiety-insomnia/
http://www.easternmedicine-solushens.com/about/,hoffmanrbt@gmail.com
https://46.101.40.37/community-acupuncture/
https://acupuncturetime.com/tfy-healing-center/,acupuncturetime@gmail.com
https://amy-greywitt.squarespace.com/events/yin-yoga-acupuncture/,info@mettayogastudio.com
https://botanicalez.com/aculight-denver/,eben@eyebytes.com
https://bound-less.squarespace.com/acupuncture-traditional-chinese-medicine/,info@bound-less.com
https://brian-sense-6lxr.squarespace.com/new-events/2020/8/29/yin-acupuncture-rest-restore-rejuvinate/,jaime@betterbuzzyoga.com
https://charm-city-integrative-health.squarespace.com/events?category=Acupuncture/,info@charmcityintegrative.com
https://cobalt-ferret-xs43.squarespace.com/bodywork/,info@ebbflowcharlotte.com
https://danielle-vogl-75yd.squarespace.com/inspiration-blog/tag/acupuncture/,info@yogarootsvt.com
https://debbie-attias-6yzz.squarespace.com/eventscalendar/2017/8/29/acupuncture-healing-sound-bath/
https://dou-yoga.squarespace.com/acupuncture/,info@dou-yoga.com
https://elizabeth-dinapoli-1pgo.squarespace.com/pricing-list/
https://ethosyoga.squarespace.com/acupuncture/
https://folklore-media-5e7m.squarespace.com/events-calendar/2019/3/10/acupuncture-yoga-a-healing-workshop/,askus@mantrafit.com
https://gold-orchid-xpr4.squarespace.com/service-acupuncture/,Info@mindbodysoulyoga.com,info@mindbodysoulyoga.com
https://goldenyogi.squarespace.com/acupuncture/
https://goldfish-flower-htln.squarespace.com/massage-acupuncture/,info@pilatesyogaloft.com
https://healing-philly.squarespace.com/blog/nscfundraiser/,gsoffer@nscphila.org
https://herbandohm-redesign.squarespace.com/blog-posts/acupuncture-for-stress-relief-and-substance-abuse-an-interview-with-dr-amy-wolf-dacm-founder-of-herb-hm/,info@herbandohm.com,amy@herbandohm.com
https://kevin-george-csnw.squarespace.com/acupuncture/
https://madridacupuncture.squarespace.com/contact/,lorena@madridacupuncture.com,lorenarmadrid@gmail.com
https://maring-higa-m5fm.squarespace.com/work-with-me/,maringhiga@gmail.com
https://melanie-murphy-bet3.squarespace.com/blog/2016/7/28/what-to-expect-at-your-first-acupuncture-treatment/
https://nathan-martinez.squarespace.com/upcoming-events/2019/3/2/acupuncture-sound-bath/,info@ntmsound.com,info@skytingyoga.com,info@ntmsoundhealing.com
https://ouchie.squarespace.com/blog/2017/7/15/acupuncture-when-youre-not-sick/
https://rachel-lamont-ajo9.squarespace.com/acupuncture/
https://susan-garguiolo.squarespace.com/aura-cleansing-sound-therapy-1/,creativewellnessgroup@hotmail.com,wterrybeck@gmail.com
https://suzelisholistic.com/our-services/acupuncture/
https://tams-mass-rf9z.squarespace.com/acupuncture/,jaimy@bellybliss.org,my_email@emailme.com,email@domain.com
https://the-living-seed.squarespace.com/acupuncture-1/,johanna@fiveleaves.info,contact@thelivingseed.com,CONTACT@THELIVINGSEED.COM
https://thebhaktishop.squarespace.com/lisa-mae-osborn/,weloveyou@thebymc.com,weloveyou@thebhaktishop.com,family@thebhaktishop.com
https://thehotyogabarre.squarespace.com/events/yin-accupuncture-workshop/
https://thioh.com/massage-therapy/
https://tj-halliday.squarespace.com/upcoming-events/,info@bendandbloom.com
https://valleyspiritacupuncture.com/form/contact/
https://victoria-cartwright.squarespace.com/events/2019/27/7nutritionfertility/,info@fixlondon.co.uk
https://wholebodymantra.squarespace.com/events/acupuncture-reiki-event-03152020/
https://www.clearriveracupuncture.com/qi-gong/,CLEARRIVERACU@GMAIL.COM,clearriveracu@gmail.com
https://www.coreacupunctureatlanta.com/author/jwongsupport-websitepro-hosting/,jennifer@coreacupunctureatlanta.com
https://www.drcathyschmidt.com/medical-acupuncture/,drcathyschmidt@gmail.com,adilinkidadi_link_b74e7503drcathyschmidt@gmail.com,wixofday@wix.com,contemporaryacupuncture@mcmaster.ca
https://www.kavitagill.ca/registration/,tcmp@gmail.com
https://www.kissingernaturalmedicine.com/post/acupuncture-and-ivf/,ashley@thrivespace.net
https://www.llacupuncture.com/treatments/,eleeacupuncture@gmail.com
https://www.sanjuanchiropractic.com/services/acupuncture/,wixofday@wix.com
https://www.wellchemy.com/workshops/2018/2/10/yoga-and-acupuncture-clinic/
https://www.workdayacu.com/
https://yoganw.squarespace.com/events/2019/12/8/restorative-yoga-bodywork-amp-acupuncture/,'info@yoganwpdx.com',info@yoganwpdx.com
