https://www.truehealthmedicine.com/,FrontDesk@TrueHealthMedicine.com,,
https://balancedphysiciancare.com/,membership@balancedphysiciancare.com,,
https://www.catherinemdacupuncture.com/,,,
http://www.acupuncturebishop.net/,,,
https://www.newportbeachortho.com/acupuncture-orthopaedic-surgeon-ca.html/,,,
https://www.oregonih.com/staff/2020/5/21/acupuncture-coming-soon/,scheduling@oregonih.com,,
http://acupuncturerox.com/?page_id=3494/,AcupunctureRox@gmail.com,,
https://renuprogressivemed.com/acupuncture-treatments-hormone-imbalance/,info@RenuProgressiveMed.com,,
https://www.phoenixantiagingclinic.com/services/acupuncture/,,,
https://weiwangmd.com/portfolio/acupuncture-therapy-wei-wang-md-bergen-county/,weiwangmd@yahoo.com,#,
https://hoodtocoasthealthcare.com/acupuncture/,info@RenuProgressiveMed.com,,
https://ommanicenter.com/category/acupuncture/,ommani@ommanicenter.com,,
https://arcadiawomenswellness.com/acupuncture/,info@drleighlewis.com,,
http://www.drjacklidc.com/acupuncture.html/,drjacklidc@gmail.com,,
https://www.grandcentralphysical.com/acupuncture/,,,
http://tampabayrenal.com/index.php/component/k2/itemlist/user/87960/,,,
https://asapwellnesscenter.com/services/acupuncture/,asapwellnesscenter@outlook.com,,
https://www.solwellnesscenter.com/portfolio-view/acupuncture/,,,
https://www.wholefamilymedical.com/acupuncture/,wixofday@wix.com,,
https://vnmcdocs.com/services/acupuncture/,,,
https://footpower.com/tag/acupuncture/,,,
https://modernfamilymedicine.com/16-reasons-modern-family-medicine-better-rest/,,,
http://atlanticgrovechiro.com/uncategorized/acupuncture-for-addiction-a-natural-path-to-recovery/,Info@atlanticgrovechiro.com,info@atlanticgrovechiro.com,
http://spectorchiropracticdfw.com/acupuncture-faq.html/,,,
http://mikeldavenport.com/appointment.html/,mikeldavenport@gmail.com,,
https://oregon-integrated-health.squarespace.com/staff/2020/5/21/acupuncture-coming-soon/,scheduling@oregonih.com,,
https://healthpartnersllc.net/our-services/acupuncture/,info@functionalmedhp.com,goldpointacu@gmail.com,stephbe@functionalmedhp.com
https://www.omchirokc.com/blog/acupuncture/,doc@omchirokc.com,,
https://www.davidescumd.com/medical-acupuncture/,office@davidescumd.com,,
https://jdvhealth.com/acupuncture/,sudtipos@sudtipos.com,,
https://www.ansenclinic.com/online-scheule-view/,Info@portlandacupuncture.net,,
