https://acupunctureforall.com/,acupuncturebaltimore@gmail.com,AcupunctureBaltimore@gmail.com
https://acupuncturememphis.com/,frontoffice@acupuncturememphis.com
https://acupuncturetogether.com/
http://beachacu.com/,beachacusd@gmail.com
https://altamonteacupuncture.com/,michelle@altamonteacupuncture.com
https://modernpointacupuncture.com/,Lindsay@ModernPointAcupuncture.com,Nicky@modernpointacupuncture.com,Seth@ModernPointAcupuncture.com,CareManager@modernpointacupuncture.com
https://acupuncturesolutionsonline.com/
http://www.edgewateracupuncture.com/,edgewateracupuncture@gmail.com
https://www.centerpointhealing.com/
https://www.brannanstreetacupuncture.com/,info@brannanstreetacupuncture.com
http://www.neighborhoodacupuncture.com/,chrishusonlac@yahoo.com
https://atwoodacupuncture.com/,info@atwoodacupuncture.com
https://wai-acupuncture.com/
https://naturemedacupuncture.com/
https://www.affinityacupuncture.com/,william@affinityacupuncture.com
https://www.rcwacupuncture.com/,l.matthewslac@gmail.com,matthewslac@gmail.com
https://acupuncturerox.com/,AcupunctureRox@gmail.com
https://www.babybyblunk.com/,fertility@fortcollinsacupuncture.com,rachel@fortcollinsacupuncture.com
https://blueridgeclinic.com/,info@blueridgeclinic.com, info@blueridgeclinic.com,james@blueridgeclinic.com
https://seattleacupunctureandcoaching.com/,Info@Seattleacupunctureandcoaching.com,Info@SeattleAcupunctureAndCoaching.com
https://www.acuwellwi.com/,laura@acuwellwi.com
https://www.bewellandthrive.org/
https://www.thehealingpointaz.com/,wixofday@wix.com
https://chadjohnsonacupuncture.com/,office@chadjohnsonacupuncture.com,//office@chadjohnsonacupuncture.com
https://www.peoplesintegrativemedicine.com/,info@peoplesintegrativemedicine.com
https://acupuncturecoop.com/
https://merulli.com/,qi@merulli.com
http://www.dalewhite.com/,healingelements2@yahoo.com,modifilan1@yahoo.com
https://www.goodneedlesacupuncture.com/
https://forestparkwellness.com/,admin@forestparkwellness.com,
https://www.haydenacupuncture.com/,HaydenAcupuncture@gmail.com
http://flowredding.com/
https://www.summitacupunctureservices.com/,sassyneedle@gmail.com
http://www.acupuncturewinona.com/,jade@acupuncturewinona.com
https://www.wineracupuncture.com/,jennifer@wineracupuncture.com
http://oldtownacupuncture.com/,info@oldtownacupuncture.com
https://modernorientalmedicine.com/,jackie@modernorientalmedicine.com,info@modernorientalmedicine.com
https://www.acupuncturecenteraz.com/
https://krishnaavalon.com/,krishna@krishnaavalon.com
https://www.7dragons.com/
https://awakeningsacu.com/,awakeningsacu@gmail.com
https://www.fortcollinsacupuncture.com/
http://www.mountainrosevt.com/,ana@mountainrosevt.com
https://www.integrativeacupunctureclinic.com/,integrativestaff@gmail.com,tegrativestaff@gmail.com
https://www.riverfamilywellness.com/,info@riverfamilywellness.com
https://www.communityacupunctureoforlando.com/,caoforlando@gmail.com
https://giddingsacupuncture.com/,GiddingsAcupuncture@msn.com
https://www.fullmoonacu.com/,fullmoonacupuncture@gmail.com
https://www.berkleyacupuncture.com/schedule-online/,info@berkleyacupuncture.com
https://www.wholistic-wellness.com/
https://www.myocentremassagetherapy.com/,myo.pen@telus.net
http://thelotuswellness.com/,info@thelotuswellness.com
https://acupuncturejerseycity.com/,jtonzola@hotmail.com
http://www.souljourneyhealth.com/,souljourneyhealth@gmail.com,SoulJourneyHealth@Gmail.com
http://www.renewacupuncturecare.com/,brittany@renewacupuncturecare.com,Brittany@renewacupuncturecare.com
https://www.deneennaturalhealth.com/,info@deneennaturalhealth.com
https://wellnessatthecenter.com/,info@wellnessatthecenter.com
https://www.parkcityacupuncture.com/,info@parkcityacupuncture.com
http://www.thebalancepointacu.com/,ColleenColeLAc@gmail.com
http://www.longbeachcommunityacupuncture.com/,infolongbeachca@gmail.com
https://westminster-acupuncture.com/,Hendergier@aol.com
https://beautifulama.com/,DrReyna@BeautifulAma.com
https://rootstockacupuncture.com/,angie@rootstockacupuncture.com
https://www.acubalanceky.com/,info@acubalanceky.com,Info@AcuBalanceKY.com
https://thunderboltwellness.com/,janet@thunderboltwellness.com
https://acupuncturesantarosa.org/,esprucha@gmail.com
https://puddletownacupuncture.com/
http://midtnacupuncture.com/,sample@gmail.com,drkaratimm@yahoo.com
https://www.eastman-acupuncture.com/,eastmanacupuncture@gmail.com
https://middlepathacupuncture.com/,adam@middlepathacupuncture.com
http://www.happyacupuncture.com/,info@happyacupuncture.com
http://www.herbandacupuncture.com/
http://livingroomyoga.biz/yogastpetersburg/,stacy@livingroomyoga.biz,bayurveda@gmail.com,Bayurveda@gmail.com
http://www.acupuncture-edmonton.com/,classicacup@yahoo.com
https://corvallisacupuncture.com/
https://www.heritageacupuncture.com/,info@heritageacupuncture.com,Info@heritageacupuncture.com
http://reneehahn.com/,reneehahn@me.com
https://www.deerfieldcommunityacupuncture.com/,wixofday@wix.com
https://www.hilltopintegrativehealth.com/,info@hilltopacupuncture.com,michelle@hilltopacupuncture.com
https://peakacupunctureclinic.com/,info@ndiscovered.com,info@peakacupunctureclinic.com
https://blossom-health.com/,artoftcm@yahoo.com
https://rachelfarber.com/
http://innateradiance.com/
http://www.portsmouthacupuncture.org/,portsmouthacupuncture@gmail.com
https://www.pacificcoastca.org/,info@pacificcoastca.org
https://blacksheepacupuncture.com/home/
http://harmonyacupuncturewellness.com/,linda@harmonyacupuncturewellness.com
https://www.earthseaacupuncture.com/,allison@earthseaacupuncture.com
https://sites.google.com/site/synerchiacupuncture/,synerchidenver@gmail.com
http://www.dynamicacupuncturepdx.com/,taragregoryacupuncture@gmail.com
https://www.therestorativecenter.com/
https://sufiacupuncture.wixsite.com/sufiacupuncture/,SufiAcupuncture@gmail.com
https://angelstouch.vip/,impallari@gmail.com
http://www.zenkaiacupuncture.com/,hadley@zenkaiacupuncture.com
https://www.rosevilleacupunctureandmassage.com/,dona.roseville.acupuncture@gmail.com,acupuncture@gmail.com
https://www.thriveacupunctureofutah.com/,thriveacpunctureofutah@yahoo.com,Thriveacupunctureofutah@yahoo.com
https://www.openhandhealing.com/
https://elishaweinberg.com/
https://redbirdhealingarts.com/,redbirdha@gmail.com
https://east-west-healing-arts.business.site/
https://www.celinalyons.com/,ocean@celinalyons.com,OCEAN@CELINALYONS.COM,wixofday@wix.com
http://www.threepillarsacupuncture.com/
https://healingwayacu.com/
http://www.presentwolfe.com/,info@presentwolfe.com
https://commonrootsacupuncture.com/,hi@commonrootsacupuncture.com
https://www.drmicahallen.com/,info@drmicahallen.com
http://www.deborahcroan.com/,Deborah@DeborahCroan.com
http://www.eastwesthealing-arts.com/
https://compassionatedragonacupuncture.com/,george@compassionatedragonacupuncture.com
http://www.thebalancingactmn.com/
https://esite.zendesk.com/hc/it/community/posts/360022183213-Toronto-pérdida-de-peso-wellness-clinic/
https://www.gentlehealingacupuncture.com/
http://www.axisacu.com/,AXISACU@GMAIL.COM,AxisAcu@gmail.com,axisacu@gmail.com
https://threebestrated.ca/acupuncture-in-markham-on/,info@acu-painclinic.com,info@riverclinic.ca,info@bluetortoiseacupuncture.ca,support@threebestrated.ca
https://www.gohealthchiro.com/massage/,RobbinsdaleMassage@GoHealthChiro.com,,Robbinsdalemassage@GoHealthChiro.com
https://us10.campaign-archive.com/?u=bd71a56a73af2d5ae2b0a6e63&id=d8a3650d61/
https://www.bluewillowacu.com/
https://bouldershealth.com/,cgacupuncture@gmail.com
https://threebestrated.com/acupuncture-in-long-beach-ca/,Contact@AcupunctureForAmericaandBeyond.org,infolongbeachca@gmail.com,info@simplehealthlb.com,support@threebestrated.com
https://www.yellowpages.com/wilmington-nc/acupuncture/
http://highlandlakesacupuncture.com/,info@highlandlakesacupuncture.com,agnes@cancerrehabaustin.com
https://www.stevepangacu.com/,stevepangacu@gmail.com
https://floacupuncture.com/,ar_curry@yahoo.com
http://www.littletonacupuncture.com/,sacredelements@yahoo.com
https://www.rbacupuncture.biz/,rbacupuncture@yahoo.com,acupointbilling@yahoo.com,wixofday@wix.com
https://www.thepointsofhealth.com/,Dr.AmyWhite2014@gmail.com,AmyWhite2014@gmail.com
https://www.stephmassacu.com/,stephmassacu@gmail.com,massagebytrinaf@gmail.com
https://site-stats.org/rootstockacupuncture.com/,abuse@godaddy.com,abuse@web.com,abuse@namecheap.com,contact@publicdomainregistry.com,abuse@ionos.com,legal@fastdomain.com,someone@example.com,nobody@example.com,noc@cloudflare.com,compliance@google.com,team@endurance.com,contact@amazon.com,abuse@amazonaws.com,ipadmin@liquidweb.com,hostmaster@datafoundry.com,net@squarespace.com,angie@rootstockacupuncture.com
https://www.mlmorales.com/,MaryLynn@MLMorales.com
http://www.fractaldragonmedicine.com/
https://www.dancingturtleacupuncture.com/,dancingturtleacupuncture@gmail.com
https://pittsburghclassicalacupuncture.com/
https://renewwestseattle.com/,Erikahealingarts@gmail.com
https://www.bluejasminacupuncture.com/contact/,krystal@bluejasminacupuncture.com
http://www.sacredbodyacupuncture.com/,cbruckner@sacredbodyacupuncture.com
https://acupuncturewithrachel.com/,matt@pixelspread.com,impallari@gmail.com,hello@rfuenzalida.com
https://www.therapeuticbodyconcepts.ca/services/acupuncture/,info@tbconcepts.ca
https://www.olympiafamilyacupuncture.com/,OlympiaFamilyAcupuncture@gmail.com
http://acupunctureoflongisland.com/
https://www.vitalitychiromankato.com/,drjessica@vitalitychiromankato.com,drjessicastensland@gmail.com
http://bostonacupunctureandmassage.com/
https://www.topratedlocal.com/one-community-acupuncture-center-reviews/
https://www.mynewsletterbuilder.com/email/newsletter/1411733425/
https://pacificacupuncture.net/
http://www.jadewellnessacu.com/,info@jadewellnessacu.com
http://sarana-acu.blogspot.com/
https://deals.yp.com/wilmington-nc/acupuncture/
http://www.acupuncturens.com/nsaa-members/,acupuncture.amee@gmail.com,drmichaelchang2011@gmail.com,info@valleyacu.ca,steven@enmanbeech.com,jill@jillforse.ca,info@coastalsportsandwellness.com,watershedshawn@gmail.com,info@hydrostoneosteopathy.com,amee@gmail.com,christaangell@gmail.com,sbacutcm@gmail.com,acusourcesolutions@gmail.com
http://rondabutler.com/,butlerchiropracticlp@gmail.com.com,butlerchiropracticlp@gmail.com
http://www.spokaneacupuncture.net/,support@nccaomdiplomates.com
https://www.beautyseeker.com/MN/Maple-Grove/Long-Acupuncture-Studios-ID-220151/
https://dawngiffordacupuncture.com/chinese-foot-soak-therapy/
https://larisarichacupuncture.com/,impallari@gmail.com,mail@iginomarini.com,team@latofonts.com
https://www.localbiznetwork.com/united-states/san-jose/whole-body-chiropractic-massage/,wholebodysj@gmail.com,info@localbiznetwork.com,WholeBodySJ@gmail.com
https://advancednaturopathic.com/our-services/therapies/acupuncture/,staff@advancednaturopathic.com,drroberts@advancednaturopathic.com,drmiller@advancednaturopathic.com,drjackson@advancednaturopathic.com
http://prlog.ru/analysis/acupunctureholisticmadison.com/,jmendozadesign@hotmail.com,whois@bluehost.com
https://www.silverspringdowntown.com/go/ourspace-acupuncture/
https://mail.alaw14.com.cp7.ezhostingserver.com/appointments/
https://www.neustarlocaleze.biz/directory/us/nc/wilmington/28405/eastern-wave-acupuncture/903044843/
https://www.gemandtonic.live/, themodernmedicinewoman@gmail.com, k.marie.robison@gmail.com,drheidikeating@gmail.com,themodernmedicinewoman@gmail.com,robison@gmail.com
https://www.cylex.us.com/company/modern-acupuncture-26711709.html/,info@cylex-usa.com
https://zizaidermatology.com/blog/treat-rosacea-with-herbs-and-acupuncture/,steve@jarsky.com,herbalist@zizaidermatology.com,reception@avicenna.co.UK,clinic@zizaidermatology.com,info@zizaidermatology.com,orders@zizaidermatology.com,dispensary@zizaidermatology.com
http://www.nccaomdiplomates.com/shelleypatriceashford/contact/,support@nccaomdiplomates.com
https://www.sitelinks.info/nscacupuncture.com/,marie@yahoo.com
https://www.ashevillestrong.com/wellness/,info@brightplanning.com,hello@ashevillestrong.com
https://newmoonmadison.com/practitioners-shannon-gyles-msom-lac-owner-acupuncture-chinese-herbs-conditions-treated/
https://kwanyinhealingarts.com/2015/04/18/acupuncture-as-a-conversation-with-the-body-an-interview-with-joanna-present-wolfe-lac/
https://kontactr.com/website/site/schedulicity.com/
https://www.shaweastasianmedicine.com/,shawacueast@gmail.com
http://www.antheacolossio.com/
https://acupunctureartseast.com/,susan@%61cu%70u%6Ec%74urea%72tse%61st%2Ec%6Fm,susan@acupunctureartseast.com
http://naturalbridgeacupuncture.com/appointments-and-rates.html/,naturalbridgeacu@gmail.com
http://lifeforceacupuncture.com/
https://staracupunctureclinics.com/,staracupunctureclinic@gmail.com
https://www.thewombwellnesscenter.com/communityacupuncture.html/,info@thewombwellnesscenter.com,support@thewombwellnesscenter.com
https://oakville.foundlocally.com/Business/ViewCorp-Map.asp?CorpiD=316248/
https://oakville.foundlocally.com/Business/ViewCorp-Map.asp?CorpiD=316248/
https://www.familytreeholistichealth.com/acupuncture.html/,jasmine@familytreeholistichealth.com
https://www.eastbayacupuncture.com/acupuncture/,hello@eastbayacupuncture.com
http://www.serenityvetservice.com/
https://downtownbozeman.org/listing/category/www.msubobcats.com/prhacupuncture.com/,email@youraddress.com,name@email.com
https://bozone.com/event/acupuncture-and-holistic-skin-care-at-the-health-collective-on-april-3rd-6pm/,info@bozone.com
https://www.blueova.com/amy-clark/,info@blueova.com
https://www.revolution-acupuncture.com/
http://www.informationenergymedicine-association.com/expert-441/
https://www.acupunctureelements.com/acupuncture/
http://www.dianekaneacupuncture.com/,Diane@DianeKaneAcupuncture.com
http://acupunctureholisticmadison.com/services-massage-services-2-2/
https://simplynaturalmedicine.org/what-is-naturopathic-medicine/
https://sfbluebuddha.com/awny-rael/,awny@onpoint-sf.com,erikjudewellness@gmail.com,demiomen@icloud.com,handslisten@gmail.com,info@sfbluebuddha.com
http://chicagoinhealthcenter.com/,info@chicagoinhealthcenter.com,info@netelevation.com
https://www.easternmedicalcenter.com/forms/
https://www.balanceyogawellness.com/wellness/acupuncture/
https://nolavitality.com/,jennifer@nolavitality.com
https://bozemanmagazine.com/events/2019/04/03/72485_acupuncture_and_holistic_skin_care/,angie@rootstockacupuncture.com,info@bozemanmagazine.com
https://www.rachelacuyogi.com/,rachel.acu.yogi@gmail.com,yogi@gmail.com
https://www.authenticselfacupuncture.com/,authenticselfacu@gmail.com
https://www.apothecarytinctura.com/acupuncture/,connect@apothecarytinctura.com,info@apothecarytinctura.com,toinfo@apothecarytinctura.com
http://www.mbracu.com/
https://www.cultivatewellnesspdx.com/prenatal-post-partum-acupuncture/
https://www.infolinks.top/baltimorewellnessacupuncture.com/,alina@baltimorewellnessacupuncture.com
https://bottichiropractic.com/acupuncture/,drbotti@bottichiropractic.com
http://heather.brightbridgeweb.com/acupuncture/,contactus@heather.brightbridgeweb.com
https://wildheartswellness.net/new-blog/2018/5/18/acupuncture-during-pregnancy/
http://metta-wellness.com/about-us/acupuncture/,info@metta-wellness.com,jennieherb@gmail.com,lorrainenicoles@gmail.com,sarahstrahorn@yahoo.com,dawnblais@gmail.com,nnevius@gmail.com,nyesha.roberts@gmail.com,c.alexa36@gmail.com,farwell.lmt@gmail.com,awarept@sweissbard.com,lovelunarlight@gmail.com,annick@annickbarker.com,nathalie@upwardspiralwellness.com,elainewujcik@gmail.com,maryshocktarot@gmail.com,Eleanor@EleanorBramwell.com,roberts@gmail.com,taramonet6@gmail.com,alexa36@gmail.com,wellness@gmail.com,lmt@gmail.com,scheduling@eleanorbramwell.com
https://www.healthdiscoveryacupuncture.com/all-services/,info.healthdiscovery@gmail.com,healthdiscovery@gmail.com
http://www.groundswellacupuncture.com/pricing/,groundswellacu@gmail.com
https://revivelifeclinic.com/treatments/acupuncture/
https://www.kristinwootton-nd.ca/facial-rejuvenation-acupuncture/,drkristin@balanceintegrativehealth.ca
https://www.clechiropractic.com/acupuncture/
https://jessfaulkner.com/
https://crossroads-wellness.com/,crossroadswellness.gj@gmail.com,gj@gmail.com
https://cleverleverage.com/community-acupuncture-of-orlando-review/
https://melodyclancy.com/
http://enjoyholistichealing.blogspot.com/2013/09/feauture-holistic-artist-for-sept.html/,enjoyholistichealing@yahoo.com
https://tothepointpdx.com/blog/2019healthinsurance/,sarah@tothepointpdx.com
https://www.heartcollective.net/our-team/,lindafloriotherapy@gmail.com,info@heartcollective.net
https://www.5dollarsite.com/search/rb-acupuncture/,rbacupuncture@yahoo.com
http://www.kwaifah.com/shamanic/,info@kwaifahacupuncture.com,helpingshaman@gmail.com
http://www.backintouchwellness.com/ginkgoacupuncture.html/,backintouchwellnesscenter@gmail.com,ginkgoacupuncture@gmail.com
http://www.glowingturtle.com/,Glowingturtleca@gmail.com,glowingturtleca@gmail.com
https://www.orendahealingarts.com/,health@orendahealingarts.com,Health@orendahealingarts.com,wixofday@wix.com
https://m.doctorbinder.com/appointments/
http://www.andreahayesacupuncture.com/schedule-appointment/,AndreaHayesLAc@gmail.com,andreahayeslac@gmail.com
http://www.bluegreenacupuncture.com/practitioners/,rdonnellyacupuncture@gmail.com,bluegreenacupuncture@gmail.com,kbarrera.acupuncture@gmail.com,sperkinson.acupuncture@gmail.com,gena.acupuncture@gmail.com,BlueGreenAcupuncture@gmail.com,acupuncture@gmail.com
http://inhealthservices.com/about-us/,meredith@myintegrativehealthservices.com
https://www.8stchiro.com/8th-street-chiropractic-wellness-clinic-massage-therapists/,,8thstreetchiropractic@sasktel.net
https://www.healingartistsnyc.com/acupuncture.html/
https://shopoaklandnow.org/listing/east-bay-acupuncture/,johndoe@mail.com,updates@mainstreetlaunch.org
https://www.catintheflock.com/chinese-medicineacupuncture/
https://hopewithacupuncture.com/
https://myniagaraonline.com/mypelham/studio-twenty-open-for-massage-acupuncture-and-cupping-therapy/,info@myniagaraonline.com,info@myPelham.com
http://specialtyacupuncture.com/sports-medicine-acupuncture/,drJosh@specialtyacupuncture.com
https://ekahlife.com/qigong-classes/,info@ekahlife.com
https://www.havenwellnessphilly.com/new-events/2019/6/7/june-first-friday-with-jason-rinker-and-jenna-rupert/,info@havenwellnessphilly.com
http://synergyacupunctureandwellness.com/book-now/,tracy@synergyacu.com
https://www.goodlifeholistics.com/m/BOOK-ON-LINE-.html/
https://www.bodhicittahealingcenter.com/practitioners/Blog/
https://www.urbanlotus.ca/contact/,Maria@UrbanLotus.ca,abaudic@shaw.ca,kristygarry@gmail.com,jum22@mac.com,therapiacentre@icloud.com,sharonkfairchild@gmail.com,KristyGarry@gmail.com,Jum22@mac.com,TherapiaCentre@icloud.com,haronKFairchild@gmail.com
http://jcwarchalking.blogspot.com/2018/08/new-location-new-explorations-and-few.html/
https://acu-painclinic.com/acupuncture/,,info@acu-painclinic.com
https://thesynergywellnesscenter.com/acupuncture-increases-the-success-of-assisted-reproductive-therapies/
http://www.juliegammon.com/events/acupuncturenidralewiston-mt487/,gammon@gmail.com,email@address.com
https://www.wombroommke.com/community_acupuncture.html/,mariatnoth@gmail.com,thenestmke@gmail.com
https://shoeysindel.com/featured-business-superstar-rebecca-cates-acupuncture/,shoeysindel@gmail.com,shoey@shoeysindel.com
https://www.leadtooth.com/leadtooth-helps-houston-acupuncturist-with-new-web-site/, info@leadtooth.com,info@leadtooth.com
http://www.activesportstherapy.ca/chinese-acupuncture-injuries-sleep-digestion/
https://nourishwellnesscomox.com/event/yoga-and-massage-700pm-900pm-2/,info@nourishwellnesscomox.com,katietlc@gmail.com,yogasheron@gmail.com,journeysonthemat@gmail.com,Wellthypen1111@gmail.com,coachbrumby@gmail.com,alivia.veenstra@gmail.com,penny@pennysmith.ca,organa.yoga@gmail.com,feelthedifferencehealing@gmail.com,veenstra@gmail.com,yoga@gmail.com
https://www.mollycoeling.com/mc-events/acupuncture-reiki-for-first-responders/,coeling@gmail.com
http://freeindc.blogspot.com/2012/11/upcoming-acupuncture-free-acupuncture.html/,freeindcblog@gmail.com
http://chakrahealingacu.com/,name@domain.com
https://www.newcouponcodeshare.com/store/merulli.com/
http://chiropracticsportsandacupuncture.com/,drcordoba1@gmail.com,Drcordoba1@gmail.com
https://atlanticacutherapy.com/what-is-acupuncture/what-to-expect/
https://www.windingwillowacupuncture.com/all-providers/,dr.ohlinger@cadencend.com,windingwillowacu@gmail.com,alexandra@continuityholisticmedicine.com,lauren@portlandthaimassage.org,tamraholder@gmail.com,ohlinger@cadencend.com,Ohlinger@CadenceND.com,WindingWillowAcu@gmail.com,Alexandra@ContinuityHolisticMedicine.com,TamraHolder@gmail.com,u003eWindingWillowAcu@gmail.com,u003eAlexandra@ContinuityHolisticMedicine.com,u003eTamraHolder@gmail.com,oregoneolcc@gmail.com,acu@gmail.com,squires@gmail.com,Squires@gmail.com,yvonnevleer@gmail.com,u003eyvonnevleer@gmail.com,jq@jacquelyncora.com,u003ejq@jacquelyncora.com,NicoleNesserlmt@gmail.com,u003eNicoleNesserlmt@gmail.com,u003einfo@company.com
https://www.acompio.us/Eastern-Wave-Acupuncture-32438569.html/
http://www.familyfocuschiro.com/chanhassen-acupuncture-talks-seasonal-allergies/,,nuahn@gmail.com
https://www.brandtstickley.com/contact/,greatsunacupuncture@gmail.com
http://www.rebeccacates.com/accupuncture/,Rebecca@rebeccacates.com
https://www.keywordpositionfinder.com/site/acupuncturesolutionsonline.com/
https://www.keywordresearchinc.com/find/sabaidee-cafe-logo/
https://www.movingmountaininstitute.com/blog/tag/Acupuncture+Meridians/,info@movingmountaininstitute.com
https://www.doctorallisonbecker.com/appointments-fees/return-acupuncture/, clinic@doctorallisonbecker.com,clinic@doctorallisonbecker.com
https://thrivinglifewellness.com/its-time-to-get-back-to-health/,welcome@thrivinglifewellness.com
https://acupuncture.buzz/directory/thunderbolt-wellness-acupuncture-and-traditional-chinese-medicine/
https://keahihealth.com/keahi-practitioners/meet-emma/,karly@keahihealth.com
http://www.in-balanceacupuncture.com/testimonials.html/
https://www.tennesseereproductiveacupuncture.com/knoxville-fertility-prenatal-acupuncture.html/
https://www.nirvananaturopathics.com/services/pediatric-acupuncture/
http://acupunctureinnercourtyard.com/
https://truechi.com/acupuncture-and-neurodegenerative-disorders/
http://www.awakennowhealth.com/contact-us/,marinadabcevic@gmail.com,MarinaDabcevic@gmail.com
https://www.beyouparenting.com/cantact.html/,parentwhispers@gmail.com
https://rebecca-cates.squarespace.com/accupuncture/,Rebecca@rebeccacates.com
http://shanyaomtnmed.com/contact.php/
http://www.alohaacupuncture.com/Acupuncture_4_Athletes.html/
http://mail.minnesota-acupuncture.com/schedule.htm/
https://www.keyworddensitychecker.com/site/innerhealthsalem.com/,abuse@godaddy.com
https://www.linkmio.com/search/synerchi-acupuncture/,synerchidenver@gmail.com
https://www.murphysacupuncture.com/,alitia@murphysacupuncture.com
https://www.centermedicine.com/acupuncture/,Gabe@centermedicine.com
https://www.naturallyjes.com/
http://site5731779.ezcoachingsite.com/acupuncture/,nicole@nicoledunn.ca
https://www.andrewporteracupuncture.com/bio/,acupuncture@gmail.com
https://www.healingtouchcharlotte.com/2014/10/13/note-ready-beginners-guide-acupuncture/,david@healingtouchcharlotte.com
http://www.lovethepoint.com/,thepointacu@gmail.com
http://www.urlje.com/w.bluewillowacu.com/
https://oneworldacupuncture.net/,owa@gmail.com
https://eandgchiro.com/acupuncture/,contactus@eandgchiro.com
https://matthewsieradski.com/acupuncture/
https://www.pcbaiowa.com/appointments/
https://www.soulwinninguniversity.com/appointments/
http://sunlightnaturalhealth.com/services/acupuncture/
http://fiveseasonshealth.com/services/acupuncture/,5seasonshealth@gmail.com
https://julesbogdanski.com/acupuncture-2/,info@julesbogdanski.com
https://ladybird-aesthetics.com/acupuncture-by-martina/,jene@ladybird-aesthetics.com
https://www.healthynewvibes.com/2017/02/03/fabspecial/,info@healthynewvibes.com
https://www.newpaltzacu.com/aboutacupuncture/,wixofday@wix.com
https://www.beautypointbypoint.com/facial-rejuvenation-cosmetic-acupuncture/
https://mainecenterforacupuncture.com/tag/winter/,info@MaineCenterForAcupuncture.com,Info@MaineCenterForAcupuncture.com
https://sghealingarts.com/about-acupuncture/
https://acupunctureclinicfortcollins.com/womens-body-programs/,hello@acupunctureclinicfortcollins.com,info@acupunctureclinicfortcollins.com
https://www.advancedaesthetic.com/appointments/
http://charlesfarlow.com/cf/Display.cfm/4464/
http://www.urlju.com/w.acuphilly.com/
http://www.uxbridgenaturalhealingcentre.com/sean-catherwood/
https://www.mercyconference.com/appointments/
http://www.aculiza.com/contact/,aculiza@gmail.com
http://www.qcareacupuncture.com/acupuncture-appointments.html/
https://gigivincentine.ca/tag/acupuncture-and-science/,gigivincentine@hotmail.com
https://www.acupunctureadvantage.com/news-updates/,wixofday@wix.com
https://www.casomassage.com/2019/06/17/3252/
http://www.bodybarn.ca/acupuncture.html/
http://www.handsindemand.ca/prices/214-massage-therapy-with-acupuncture-rates-hst-included/,info@handsindemand.ca
https://www.pascopetfest.com/appointments/
https://www.templemedicinehealing.com/practitioners/,amy@temple-medicine.com
https://wellingtonstalls.com/appointments/
http://toe2heal.com/covid19_coping_ways_to_healing.html/
https://www.seekingbalanceacupuncture.com/,carey@seekingbalanceacupuncture.com,careyvickers@yahoo.com
http://www.mind-body-healing.com/services/qi-gong/,info@mind-body-healing.com
https://milazacupuncture.com/form/contact/,milazacupuncture@gmail.com
http://www.innersmile-acupuncture.com/schedule-an-appointment.html/
http://ancientartsacupuncture.com/more-changes-at-the-office/,tom@ancientartsacupuncture.com
http://www.comeforhealth.net/conditions/facial/,comeforhealth@gmail.com
https://www.drmelissaklatt.com/new-blog/tag/acupuncture/,drmelissaklatt@gmail.com,Drmelissaklatt@gmail.com
http://www.ascendinghopeacupuncture.com/rates.html/
http://9crows.com/home/scar-therapy/,info@9crows.com,9crowshope@gmail.com
http://www.urljc.com/w.acupuncture-answers.com/
https://chillaxom.com/acupuncture/
https://blog.healingradiuspro.com/2016/09/guest-blogger-michelle-grasek-shares-exactly-what-it-cost-to-open-an-acupuncture-practice/,ModernAcu@gmail.com
https://www.columbiacityhealingspace.com/health-discovery-acupuncture/
https://www.leahkrichardacupuncture.com/services.html/
https://www.greenlakenaturalhealth.com/,info@greenlakenaturalhealth.com
https://www.siupinghealing.com/acupuncture-is-gaining-momentum-with-the-fda/,admin@siupinghealing.com
https://feel-better-acupuncture.com/medical-massage-santa-rosa/
https://carrboromassageandacupuncture.com/
https://www.pinwheelacupuncture.org/blank-page/,wixofday@wix.com
http://therockefellercenter.com/services/massage-and-acupuncture/
https://www.rootscommunityacupuncture.com/new-page/
http://motiv.ca/massage/,info@motiv.ca
https://onpoint-sf.com/covid19.html/
https://wildflowerwellnessportland.com/acupuncture/,wildflowerwellnesspdx@gmail.com
https://www.soulwinning.net/appointments/
http://www.inlighthealingarts.com/acupuncture-chinese-herbal-medicine/,ncullinan79@gmail.com,balian@gmail.com
http://amberdragonacu.blogspot.com/2016/05/6-alternative-treatments-to-help-with.html/
https://www.springrootacupuncture.com/,rachel@springrootacupuncture.com,wixofday@wix.com
http://theridgeacupuncture.com/?page_id=78/,info@theridgeacupuncture.com
http://bartlett-il.ilbizjobs.com/one-community-acupuncture-center/
https://www.radiantsunacu.com/Schedule-Now.html/
http://www.macksmo.com/author/whitney/,whitney@macksmo.com
http://www.elementalmedicinepdx.com/forms-and-fees2.html/,contact@elementalmedicinepdx.com
https://kristin-schuch-j7cl.squarespace.com/class-calendar/2018/3/1/intro-to-5-element-acupuncture/,connect@apothecarytinctura.com,info@apothecarytinctura.com,toinfo@apothecarytinctura.com
http://reikicity.com/
https://m.besthealthoption.co/Welcome.html/
http://www.nourishacupuncture.com/,nourishacupuncture@yahoo.com
https://drmarkstapleton.com/appointments/
http://www.taoacupuncturemarin.com/veterans.html/
https://artisanacupuncture.com/,artisanacupuncture@gmail.com
https://healthathand.ca/medical-acupuncture/,info@Dr.Sangster@HealthAtHand.ca,Dr.Sangster@HealthAtHand.ca,zoestevensonrmt@gmail.com,cindy.rmt7Agmail.com,rmt7@gmail.com
https://centerforinnovativemedicine.com/tag/acupuncture/
https://blueberry-lobster-hefy.squarespace.com/practitioners/Blog/
https://www.resilientrootsacupuncture.com/herbal-medicine/,wixofday@wix.com
https://harmonichealingacupuncture.com/form/appointments/
https://mail.phoenixes.org/appointments/
https://shannon-springer-6gqu.squarespace.com/giftcards/,info@blueova.com
https://spiritpointhealing.com/category/acupuncture/
http://www.nicoledunn.ca/facial-rejuvenation-acupuncture/,nicole@nicoledunn.ca
http://www.heart2heartwellnesscenter.com/spa-gilbert-mesa/,webmaster@heart2heartwellnesscenter.com
https://whitecraneacupuncture.org/
https://www.annshellay.com/acupuncture-orlando/
http://yellowbirdmassage.ca/promotions-2/,yellowbirdmassagecentre@gmail.com
https://www.website-checker.info/nscacupuncture.com/
https://www.baxtervillagehealthcenter.com/blog/tag/acupuncture/,support@baxtervillagehealthcenter.com,BaxterChiro@gmail.com
https://www.comfortzone-massage.com/about1/
https://beaufortacupuncture.com/community-acupuncture/
https://gersistrete.tk/summit-acupuncture-2724/,sassyneedle@gmail.com
https://fix8media-synergy.squarespace.com/book-now/,tracy@synergyacu.com
https://kunlunmtn.com/services/,appts@kunlunmtn.com
https://www.drmartindc.com/bookings-checkout/acupuncture-session/
https://jaderiveracupuncture.com/acupuncture-and-pain/acupuncture-fibromyalgia-treating-pain/,mail@taylorgoodhealth.com
https://drsarahacu.com/shop/?add-to-cart=553/
https://www.soccersoccersoccer.ca/appointments/
https://www.synergyaw.com/services/,acupuncture.tracee@gmail.com,tracee@gmail.com
https://natwest-secure.beautifulcorner.com/appointments/
http://whiteoakacupuncture.com/my-services.html/,rachelnudd@whiteoakacupuncture.com
http://ensoflow.com/tag/acupuncture/,//ensoflow@gmail.com,ensoflow@gmail.com
https://ashevillestrong.squarespace.com/wellness/,info@brightplanning.com,hello@ashevillestrong.com
https://kathyschoenberger.com/location-directions.html/
https://chloe-scheel.squarespace.com/new-blog/tag/fertility/
http://acupunctureox.com/about/acupuncture-for-back-pain/,AcupunctureRox@gmail.com
http://taragregoryacupuncture.squarespace.com/,taragregoryacupuncture@gmail.com
http://rjchampouillon.com/index.php/east-asian-medicine/how-it-works/,Info@RJChampouillon.com
https://jessica-stensland.squarespace.com/acupuncture/,drjessica@vitalitychiromankato.com
https://alyssa-ackerman-888b.squarespace.com/contenteducation/category/Acupuncture/,shawacueast@gmail.com
http://justin-campbell-a0sx.squarespace.com/sports-medicine-acupuncture/,josh@specialtyacupuncture.com
https://gaiaacu.com/,info@gaiaacu.com
https://jean-cartier-bwjl.squarespace.com/
http://soundwellnessandacupuncture.com/acupuncture/does-acupuncture-hurt-what-if-iʼm-afraid-of-needles/,erin@soundacu.com
http://anthea-colossio-khw3.squarespace.com/
https://acupunctureacupressurepoints.blogspot.com/2020/08/acupuncture-belmont-ca.html/
https://jared-byerly-cx7d.squarespace.com/schedule-now/
https://sage-norbury.squarespace.com/,sassyneedle@gmail.com
http://ana-delrosal-jya7.squarespace.com/,ana@mountainrosevt.com
http://sacredbodyaccupuncture.com/blog.aspx/,cbruckner@sacredbodyacupuncture.com
http://www.naturalbridge.yoga/services.html/,naturalbridgeacu@gmail.com
http://espacupuncture.com/breast-health/,esprucha@gmail.com
http://santarosawellness.com/schedule-an-appointment/,esprucha@gmail.com
https://fred-wolfson-zht3.squarespace.com/acupuncture-baltimore-acupuncture-near-me-treatment/,acupuncturebaltimore@gmail.com,AcupunctureBaltimore@gmail.com
https://earthseaacupuncture.squarespace.com/patient-info/,allison@earthseaacupuncture.com
https://iguana-soybean-rm2b.squarespace.com/
http://redrivergorgeyogafestival.com/index.html/,naturalbridgeacu@gmail.com
http://www.denverwellspring.com/acupuncture-for-mental-health/
http://www.flexandstretch-ais.com/
https://julie-gammon.squarespace.com/events/acupuncturenidrabwb/,gammon@gmail.com,email@address.com
https://redrivergorgeyogafest.com/services.html/,naturalbridgeacu@gmail.com
https://redrivergorgeyogateachertraining.com/index.html/,naturalbridgeacu@gmail.com
https://www.healingartscenteracupuncture.com/visit-us/
https://maranaacupuncture.com/page/chinese-herbs/
http://clearheartacupuncture.com/what-we-treat/,clearheartacupuncture@gmail.com
http://groundswellacupuncture.squarespace.com/pricing-1/,groundswellacu@gmail.com
https://william-alexander-q73q.squarespace.com/contact-us/,william@affinityacupuncture.com
https://www.lvep.net/appointments/
https://www.minneapolismnminnesota.com/listings-category/health-medical-services-near-me-in-minneapolis-mn-minnesota/acupunctures/
https://violin-minnow-nfem.squarespace.com/blog-1/general-recommendations-for-chiropractic-care-acupuncture-during-pregnancy-cleveland-prenatal-chiropractor/
https://acupuncturemorgantown.com/testimonials/
https://agapeacupuncturenutrition.com/page/contact/,stephanie@agapeacupuncturenutrition.com
https://bretttaylorgolf.com/appointments/
https://drreneehahn.com/
https://jennie-king-kcks.squarespace.com/,redbirdha@gmail.com
https://urban-lotus.squarespace.com/contact/,Maria@UrbanLotus.ca,abaudic@shaw.ca,kristygarry@gmail.com,jum22@mac.com,therapiacentre@icloud.com,sharonkfairchild@gmail.com,KristyGarry@gmail.com,Jum22@mac.com,TherapiaCentre@icloud.com,haronKFairchild@gmail.com
https://www.johnpattersonacupuncture.com/about-john.html/,johnpattersonacupuncture@gmail.com
https://www.nikkijonesjewelry.com/appointments/
https://www.soulwinners.info/appointments/
https://www.biblesmith.com/appointments/
http://blair-baker-jssp.squarespace.com/classes/,onyxacupuncture@gmail.com
http://holisticawellnessclinic.ca/tag/acupuncture/,lizneyedlyrmt@gmail.com
http://pacificbeachacu.com/services/acupuncture/
http://stefanierothert.blogspot.com/2015/
https://earthworm-koala.squarespace.com/appointments-fees/return-acupuncture/, clinic@doctorallisonbecker.com,clinic@doctorallisonbecker.com
https://joshua-richard-gkmv.squarespace.com/,AXISACU@GMAIL.COM,AxisAcu@gmail.com,axisacu@gmail.com
https://kwaifah.squarespace.com/shamanic/,info@kwaifahacupuncture.com,helpingshaman@gmail.com
https://orca-finch-z7lw.squarespace.com/acupuncture-for-wellness-pain-relief/
https://sblhealing.com/contact/,Seungbi@gmail.com
https://www.ahiacupuncture.com/,ahiacupuncture@gmail.com
https://www.integrative-acupuncture-clinic.com/patient-info/
https://biblesmith.org/appointments/
https://calroxinc.com/appointments/
https://www.aestheticcurves.com/appointments/
https://www.brightideastek.com/appointments/
http://capitalacupunctureclinic.com/schedule.html/
http://enjoyflaglerbeachfl.com/services/massage-acupuncture-wellness/77-compliment-your-body/,complimentyourbody@gmail.com
http://flyingneedlepdx.com/schedule/,"4004 SW Kelly Street, Suite 202  Portland, Oregon 97239"
http://monkeykingmedicine.org/acupuncture/
http://napaacupuncturepractice.squarespace.com/virtual-appointments/,napaacu@gmail.com
http://tdwmassage.weebly.com/store/p10/Acupuncture.html/,trentdwilson@gmail.com
http://traditionalasianmedicine.blogspot.com/2012/06/exactly-how-much-it-cost-to-start-my.html/
http://www.distilledcultureclub.com/
http://www.fonddulacacupuncture.com/schedule-here/,support@nccaomdiplomates.com
http://www.onyxacupuncture.com/classes/,onyxacupuncture@gmail.com
https://66.201.89.53/appointments/
https://brandt-stickley.squarespace.com/contact/,greatsunacupuncture@gmail.com
https://eastbayacupuncture.squarespace.com/acupuncture/,hello@eastbayacupuncture.com
https://jason-rinker-6kc9.squarespace.com/new-events/2019/6/7/june-first-friday-with-jason-rinker-and-jenna-rupert/,info@havenwellnessphilly.com
https://julie-schmidt-c9ra.squarespace.com/acupuncture/,Gabe@centermedicine.com
https://kimberly-truong-huj7.squarespace.com/,info@bella-zen.com
https://krishnaavalonacupuncture.squarespace.com/,krishna@krishnaavalon.com
https://lifeacupunctureclinic.com/form/contact-usonline-scheduling/,ny@gmail.com
https://maura-dawgert-h592.squarespace.com/new-blog/2019/2/28/our-march-practitioner-practices-acupuncture-on-saturdays-and-is-offering-your-first-session-free/
https://movingmountain.squarespace.com/blog/tag/Acupuncture+Meridians/,info@movingmountaininstitute.com
https://olive-cube-sexg.squarespace.com/our-team/,lindafloriotherapy@gmail.com,info@heartcollective.net
https://tinataylortcm.ca/community-acupuncture/,tinataylortcm@gmail.com
https://tucsonazcar.blogspot.com/2020/06/tucson-co-op.html/
https://www.acutherm.org/acupuncture/,wixofday@wix.com
https://www.amo8oma.org/bio/,acupuncture@gmail.com
https://www.biofieldacupuncture.com/new-page-1/,3815info@katyatripp.com,info@katyatripp.com,katyatripp@gmail.com
https://www.dayacupuncture.com/schedule-now/
https://www.parklandareasmallbusinesses.ca/sub-categories/massage-chiropractic-and-acupuncture/
https://www.qualityosteopathy.ca/osteopathy-acupuncture/,qualityosteopathy@gmail.com,QualityOsteopathy@gmail.com
https://www.truenorthmpls.com/acupuncture/,stacey@truenorthmpls.com
http://www.bella-zen.com/,info@bella-zen.com
https://hoursfinder.com/y-hours/yellowbird-massage-hours.html/
https://www.bouncebackacupuncture.com/blank/,michael@bouncebackacupuncture.com
https://www.realestatenearbrownuniversity.com/blog/acupuncture-providence-rhode-island/
