https://www.vwellnessclinic.com/,
https://acupunctureofmorriscounty.com/,
https://healthfocusacupuncture.com/,http://bit.ly/hfaom
https://jasminepm.uservoice.com/knowledgebase/articles/757458-classic-community-acupuncture-scheduling,
https://appadvice.com/game/app/good-life-acupuncture/1235189183,
https://www.blogarama.com/technology-blogs/270912-acupuncture-practice-management-software-jasmine-blog/34041227-telehealth-covid-hipaa,https://www.blogarama.com/frame?siteId=270912
https://site-stats.org/jasminepm.wordpress.com/,
https://www.sitelinks.info/search/ginkgo-software-acupuncture/,
https://www.prurgent.com/2015-10-04/pressrelease395796.htm,
https://jewjewjew.com/acupuncturists.kosher,
https://rawranked.com/acupuncturists.html,
http://biglistofwebsites.com/list-top-websites-on-acupuncturists,
https://www.keyword-suggest-tool.com/search/acupuncture+software+practice+management/,
https://etradewire.com/news/jasmine-software-releases-innovative-cloud-electronic-patient-signatures-for-acupuncture-clinic,
http://vitalityacupuncturenj.com/,
http://caresi.rezon.co/acupuncture-charting-software/,
https://www.greensiteinfo.com/search/acupuncture+practice+management+software/,
https://whole-healthacupuncture.com/blog/2017/6/8/mens-health-month-my-new-scheduling-app-hello-conroe,
https://loginz.co.uk/j-logins/jasmine-login.html,
https://www.customcraftedkeywords.com/find/acupuncture-medical-billing-software,
https://goodlifelongmont.com/category/acupuncture/,
https://tutore.org/acupuncture-soap-note-template.html,
https://www.nichesitemastery.com/search/pm-office-ally,
http://rapele.alimentacionsegura.org/office-hours-scheduling-software/,
https://doctemplates123.com/massage-therapy-soap-notes-templates-free/,
https://login-db.co.uk/j-logins/jasmine-login.html,
https://loginboost.com/j-logins/jasminepmcom-login.php,
http://www.acupuncturekokoro.com/services.html,
https://acupunctureacupressurepoints.blogspot.com/2020/04/acupuncture-apps-for-ipad.html,
https://lisa-lapwing.squarespace.com/blog/2017/6/8/mens-health-month-my-new-scheduling-app-hello-conroe,
http://menshealthacupuncture.squarespace.com/locations,