http://brittanykovleryoga.com/,BrittanyKovlerYoga@gmail.com
http://bodyshopyoga.com/,beth@bodyshopyogaleeds.com
http://downtownyogamemphis.com/,info@downtownyogamemphis.com
http://pacificblueyoga.com/,marnabright@pacificblueyoga.com,impallari@gmail.com,mail@iginomarini.com,team@latofonts.com
http://sunsetyogatelaviv.com/,oritayoga@gmail.com
http://kageyogardensproject.com/,KageyoGardensProject@gmail.com,you@example.com,jasonandruk@wesellmeat.com
http://ashayogasydney.com/,ashayogasydney@gmail.com
http://yogasolsticemonaco.com/,yogasolsticemonaco@gmail.com
http://mioayoga.com/,info@mioayoga.com
http://walesyoga.com/,jessica@walesyoga.com
http://carolgrimesyoga.org/,carol.jean.grimes@gmail.com,grimes@gmail.com
http://othayoga.com/,info@othayoga.com
http://darcylyleyoga.com/,darcylyleyoga@gmail.com
http://sloyogacenter.com/,info@sloyogacenter.com
http://yogasutribe.com/,sue@yogasutribe.com
http://yogalaaven.com/,post@yogalaaven.no
http://heartseedsyoga.com/,joleneryan@mac.com
http://yogathaiom.com/,yogathaiom@gmail.com
http://yogafromanatural.com/,yogafromanatural@gmail.com
http://yoga-45.com/,yoga45gaylord@gmail.com
http://mollymartinyoga.com/,info@mollymartinyoga.com
http://andreabridgeryoga.com/,andrea@andreabridgeryoga.com
http://momentumyogaflow.com/,momentumyogaflow@gmail.com
http://authentic-yoga.com/,authenticyoga@aon.at
http://anahatahomeyoga.com/,sharon@anahatahomeyoga.com
http://win-yoga.com/,info@win-yoga.com,abuse@serpstatbot.com
http://bonfirehotyoga.com/,thebonfireyogis@gmail.com
http://alliyoga.com/,Allihoffmanyoga@gmail.com
http://raumfueryoga.com/,sarah@raumfueryoga.com
http://whiteowlyoga.com/,nsteadman85@gmail.com
http://yogastudiomuku.com/,yogastudiomuku@gmail.com
http://yoganama.com/,info@yoganama.com
http://yogacaravan.com/,hello@yogacaravan.com,nolayogacaravan@gmail.com
http://liveyoganow.com/,practice@purnayoga828.com,Letitia@liveyoganow.com
http://boerneyoga.com/,info@boerneyoga.com
http://puntadelesteyoga.com/,puntadelesteyoga@gmail.com
http://dragonfly-yoga.org/,sydenham@dragonfly-yoga.org
http://weduyoga.com/,info@weduyoga.com
http://noliyoga.com/,info@noliyoga.com
http://youryogamoment.com/,mfaraday@youryogamoment.com.au,mfaraday@youryogamoment.com
http://xn--raumfryoga-eeb.com/,kontakt@raumfüryoga.com
http://flowyogatraining.com/,carla@yogaflow.com.mx,carla@yogaflow.com,info@yogaflow.com.mx,info@yogaflow.com
http://cjoyyoga.com/,christeljoy@me.com
http://yoga-augsburg.com/,info@yoga-augsburg.com,hallo@wolke34.de
http://bullesdeyoga.com/,asso.fisyoga@gmail.com,bullesdeyoga@gmail.com,fisyoga@gmail.com
http://mokshayogaphx.com/,mokshayogaphx@gmail.com
http://anahatayogaaz.com/,info@anahatayogaaz.com
http://vinyasayogacornwall.com/,aliciawatersyoga@gmail.com
http://yogamobilestudio.com/,YogaMobileStudio@gmail.com
http://yogalearningadventures.com/,angie@yogalearningadventures.com
http://lisamartinezyoga.com/,lisamartinezyoga@gmail.com
http://algarveyogaspot.com/,info@algarveyogaspot.com,29info@algarveyogaspot.com
http://everybodyyogaandbarre.com/,info@everybodyyogaandbarre.com
http://sukhayogavt.com/,sukhayogavermont@gmail.com,sukhayogavt@yahoo.com
http://hostalgoyogarray.com/,reservas@hostalgoyogarray.com
http://ayurvedaetyoga.com/,charronjessica@icloud.com
http://pranayogatherapyla.com/,pranayogatherapy@yahoo.com
http://akshayyoga.net/,tom@akshayyoga.net
http://theyogaloftcollingswood.com/,iyengaryogaloft@gmail.com
http://wvyogagirl.com/,wvyogagirl@gmail.com
http://samvidyoga.com/,info@samvidyoga.com,lealoncar71@gmail.com
http://skypilatesandyoga.com/,info@skypilatesandyoga.com
http://kalpyoga.com/,kalpyoga@gmail.com
http://yogawithmuni.com/,muni@4siva.com
http://hothouseyogastandrews.com/,info@hothouseyogastandrews.com,hothouseyogastandrews@gmail.com
http://yesyesyogaplace.com/,info@yesyesyogaplace.com
http://hotyogatallahassee.com/,Info@RisingOmYoga.com
http://aboveyoga.com/,aboveyoga@gmail.com
http://yogawithzoja.com/,yogawithzoja@gmail.com
http://yogawithcopsey.com/,hi@heynic.co
http://yogaon5th.com/,yumagirl2@gmail.com
http://yogaandu.com/,support@dan.com
http://hotyoganic40.com/,info@hotyoganic40.com
http://acroyogabcn.com/,loop@gmail.com,yogaconlilin@gmail.com
http://pfmyoga.com/,info@pureflowmotions.com
http://innercalmyoga.com/,innercalmyoga@gmail.com
http://celiagordonyoga.com/,celia@celiagordonyoga.com
http://yogangstas.com/,jp@yogangstas.com
http://marieblairyoga.com/,mariehurleyblair@gmail.com
http://kerrimersereauyoga.com/,kerrimersereauyoga@gmail.com
http://travelfoodyoga.com/,travelfoodyogablog@gmail.com
http://mermaidpaddleyoga.com/,info@mermaidpaddleyoga.com
http://oceansideyogativerton.com/, info@oceansideyogativerton.com,info@oceansideyogativerton.com
http://avenueyoga.com/,info@avenueyoga.com
http://yogaswole.com/,mail@example.com
http://harmonyandyoga.com/,jean@harmonyandyoga.com
http://maguyoga.com/,info@maguyoga.com
http://anandashaktikundaliniyoga.com/,integratedschoolofyoga@gmail.com
http://tamaratyoga.com/,tamaratwynam@gmail.com
http://yogaclass.net/,vyasadev@yogaclass.net
http://carolynpoerioyoga.com/,cpwellrounded@gmail.com, cpwellrounded@gmail.com,CPwellrounded@gmail.com
http://yogameccallc.com/,yogameccallc@gmail.com
http://vanessajoyyoga.com/,exhale@vanessajoyyoga.com
http://ellenbutleryoga.com/,yogiamanbir@gmail.com
http://kentuckyyogainitiative.org/,Hello@kentuckyyogainitiative.org,scholarships@kyyoga.org
http://yoga-sardinia.com/,info@yoga-sardinia.com,contact@elkebayer.com
http://richardwilliamsyoga.com/,richardwilliamsyoga@gmail.com
http://yogananda-veranstaltungen.org/,info@srf-berlin.de
http://lapisyogadance.com/,kyoto@gmail.com
http://lucentyoga.com/,hello@lucentyoga.com
http://yogasandesh.com/,sanatanayogsandesh@gmail.com
http://you-i-yoga.com/,youiyoga@gmail.com
http://psicologiayogapanama.com/,psicologiayogapanama@gmail.com
http://uluyoga.com/,info@uluyoga.com,resort@hotmail.com
http://jennylittleyoga.com/,jenny@jennylittleyoga.com
http://fireflyoga.net/,fireflyogaUK@gmail.com
http://flatmatyoga.com/,2015kselvocki@gmail.com,kselvocki@gmail.com
http://yogateachertrainingrishikesh.com/,rishikeshyogmandir@gmail.com,rishikeshyogamandir@gmail.com,balanced@email.com
http://yoga-ganga.com/,info@yoga-ganga.com
http://vinyasayogaacademy.com/,vinyasayogaacademy@gmail.com,
http://yogasalai.org/,yogasalai108@gmail.com
http://christinestewartyoga.com/,christinestewartyoga@gmail.com
http://the-yoga-shala.com/,prema@christinecostidell.co.uk
http://yoganomadtravel.com/,info@yoganomadtravel.com
http://yogaandmeditationtips.com/,info@yogaandmeditationtips.com
http://akashayogamontreal.com/,akasha.yogamtl@gmail.com,yogamtl@gmail.com,connect@akashayogamontreal.com
http://viscariadanceandyoga.com/,Viscariadancewear@gmail.com
http://stretchyyoga.com/,kate@stretchyyoga.com,francis77@gmail.com
http://shineyourlightyoga.com/,shineyourlightyoga@gmail.com
http://citeyoga.com/,info@citeyoga.com,Info@citeyoga.com
http://yogawithaislinn.com/,aislinncoleman@gmail.com
http://yogamatthailand.com/,myasaha@gmail.com
http://inovaryoga.com/,contato@inovaryoga.com.br,contato@inovaryoga.com
http://pippamossyoga.com/,hello@pippamossyoga.com
http://suryachandrayoga.com/,scyoga.anglet@gmail.com,anglet@gmail.com
http://youryoganow.com/,team@latofonts.com,impallari@gmail.com
http://laurenrossyoga.com/,laurenrossyoga@gmail.com
http://this-yoga.com/,hello@this-yoga.com
http://livingpeaceyoga.com/,info@livingpeaceyoga.com
http://yogamanjali.com/,contact@yogamanjali.com
http://darsanayoga-studio.com/,aumdarsabayoga@gmail.com
http://uttamayoga.com/,contacto@uttamayoga.com
http://shiningheartyoga.com/,linda@shiningheartyoga.com
http://srimatransformationalyogaindia.com/,srima.swami@gmail.com,yogawitharjun@gmail.com,mohanty@rediffmail.com,swami@gmail.com,bansal@gmail.com,nlinnmarie77@gmail.com,nmaxmaslakov@gmail.com,naik@gmail.com,anapana999@gmail.com,hailong@kimo.com,Lishahuang13@hotmail.com,apple20111205@gmail.com,kane7@hotmail.com,nmofford81@gmail.com,nnadia_mintilogliti@hotmail.com,ngldaly1@gmail.com,nvalentina3martini@gmail.com,nmeenira@gmail.com,kaminski@gmail.com,nportraits@hotmail.com,nivana@ivanabrigliadori.com,ndanieldehaven@me.com,benedictebraenden@gmail.com,nchristinehys@yahoo.com,nnatyalison@yahoo.com,mariedigoy@gmail.com,nbirginga@hotmail.com,nkatherine@bqbrasserie.com,erikavanbriel@hotmail.com,nconnie_arcella@hotmail.com,nancillaw@gmail.com,nbridin3@yahoo.com,nzginnis@gmail.com,m@mariekesartofliving.com,emily35@gmail.com,squire6@hotmail.com,rachellebourget@live.com,mtheocharous687@gmail.com,elisasbeautylounge@gmail.com,pappa@gmail.com,callus@biocaremalta.com,wittyn@gmail.com,stepien0@gmail.com,valerie@gmail.com,kpizzino@me.com,amsale09@gmail.com,stefanie@keyzaco.com,alessandrawulf@gmail.com,al_exf@hotmail.com,amkankaisto@hotmail.com,athinapre@gmail.com,audreygrimalt@gmail.com,demazeciri@hotmail.com,koo@gmail.com,neletiger@hotmail.com,thorneyoga@gmail.com,aleksandarzj@gmail.com,datscha76@gmail.com,igra77@gmail.com,remus019@hotmail.com,april@gmail.com,pyara@gmail.com,hui1253@gmail.com,33@yahoo.com,money110357@gmail.com,wumingpo999@gmail.com,0311@hotmail.com,yujunghuang@hotmail.com,dydy1020@gmail.com,mandy_liou88@yahoo.com,chou1126@gmail.com,nnini_chien@hotmail.com,shiao_weiwei@hotmail.com,chion11@hotmail.com,yhhhong@gmail.com,mela@gmail.com,hmliang0@gmail.com,li1@hotmail.com,lin545888@yahoo.com,kaiyi0822@yahoo.com,ariel22ktr@hotmail.com,yukeyang@gmail.com,lestaraeb@yahoo.com,yenpu@gmail.com,southerntender@gmail.com,givemecoffee399@yahoo.com,gwenchang1201@hotmail.com,chu3835@yahoo.com,juan@gmail.com,angela7143@hotmail.com,beth1020@hotmail.com,nini717@yahoo.com,tasifen@gmail.com,power117011@yahoo.com,h28712623@yahoo.com,katechiang@hannstar.com,cute1019i@yahoo.com,fryhover@gmail.com,ektasinghlhmc@gmail.com,rohr@hotmail.com,hanan@gmail.com,Nknavy51@hotmail.com,deepchouhan1989@gmail.com,priyankamukhrjee20@gmail.com,brarjimmy008@gmail.com,amitatanwar2671@gmail.com
http://everybodyyogasf.com/,replind@gmail.com
http://tensegrity-yoga.com/,me@mysite.com
http://iyogaphuket.com/,contact@iyogaphuket.com
http://karmabhaktiyoga.com/,peppersun1@aol.com
http://rishiyogashala.com/,bharucha@gmail.com
http://afterglowyoga.com/,info@afterglowyoga.com
http://jessicadewaryoga.com/,hello@jessicadewaryoga.com,jessicadewaryoga@gmail.com,hello@petalprovedore.com
http://yogaliguria.com/,info@yogaliguria.com
http://chandrasuryayoga.com/,liveflourishbe@gmail.com
http://lanawilsonyoga.com/,LanaWilsonYoga@gmail.com
http://bestsedonayoga.com/,Mally.Yoga@gmail.com,Yoga@gmail.com
http://inhaleyogallc.com/,inhaleyogaruth@gmail.com
http://interiorlifeyoga.com/,interiorlifeyoga@gmail.com
http://sefalisyoga.com/,info@sefalisyoga.com
http://sharmilasyogatherapy.com/,ssaigaonkar@yahoo.com
http://towardsyoga.com/,julieapugh@gmail.com
http://familyacroyoga.com/,familyacroyoga@gmail.com
http://cocodeyoga.com/,cocodeyoga@gmail.com
http://centroyogagaruda.com/,info@centroyogagaruda.com
http://yogawithhillary.com/,hillary@yogawithhillary.com
http://yogaleticswear.com/,Info@yogaleticswear.com,info@yogaleticswear.com
http://yogagardennw.com/,yogagardennw@gmail.com
http://listenwithinyoga.com/,amyhyunswart@gmail.com
http://lceyoga.com/,LCEYoga@hotmail.com
http://maineyogaadventures.com/,maineyogaadventures@gmail.com
http://ompadmayoga.com/,onetwothreeweb@gmail.com,info@ompadmayoga.com
http://yogaforgood.net/,info@yogaforgood.com
http://jenniferciarimboliyoga.com/,jciarimboli@gmail.com
http://110yoga.com/,110YogaNC@gmail.com
http://yogafixx.com/,carina@yogafixx.com
http://yogaenmalaga.com/,comercial@bonisoft.com,9@hotmail.com
http://downtownyogacenter.com/,frontdesk@downtownyogacenter.com,downtownyogacenterjc@gmail.com
http://natureyoga.org/,infosnatureyoga@gmail.com
http://jalaflowyoga.com/,jalaflowyoga@hotmail.com
http://nizramayoga.com/,contact@nizramayoga.com
http://ninavukasyoga.com/,yoga@gmail.com
http://yogafuzioncy.com/,yogafuzioncy@gmail.com
http://yogacaretherapy.com/,yogacaretherapy@gmail.com
http://hatterasyoga.com/,hatterasyoga@gmail.com
http://jenmillsyoga.com/,jmills.yoga@gmail.com,yoga@gmail.com
http://littlegemyoga.com/,littlegemyoga@gmail.com,stua2222@a2plcpnl0049.prod.iad2.secureserver.net
http://lisaashtonyoga.com/,lisalu1882@gmail.com
http://beautifuloneday-yogaherb.com/,info@beautifuloneday.com
http://susanrichardsyoga.com/,smrichards@gmail.com
http://rocketyogadvd.com/,Jon@thanEwing.com
http://yoga-kalyani.com/,kiyomiramu0618@gmail.com
http://lighthouseyogaschool.com/,hello@lighthouseyogaschool.com
http://missnellayoga.com/,info@missnellayoga.com
http://rachelyoungyoga.com/,rachel@rachelyoungyoga.com
http://beckyclarkyoga.com/,beckyclarkyoga@gmail.com
http://eudorayogacenter.com/,mary@eudorayogacenter.com
http://omdharayoga.com/,info@omdharayoga.com
http://omyeahyogamovement.com/,betsydelzer@gmail.com
http://ashmayuyoga.com/,info@ashmayuyoga.com
http://virginialovesyoga.com/,support@virginialovesyoga.com
http://yogasunstudio.com/,helenleedercarlson@gmail.com,yogasun@westnet.com
http://yogaspacekuu.com/,info@yogaspacekuu.com
http://yogaboxer.com/,info@yogaboxer.com
http://yogakioo.com/,info@yogakioo.com
http://baliyogadelivery.com/,booking@baliyogadelivery.com
http://jocelynsolomonyoga.com/,joola838@yahoo.com,jocelynsolomonyoga@gmail.com
http://nirmalayogaspain.com/,info@nirmalayogaspain.com
http://omyogatucson.com/,info@omyogatucson.com
http://atmanyogaschool.com/,hello@atmanyogaschool.com,jessica@jessicawinderl.com
http://shantipoweryoga.com/,info@shantipoweryoga.com
http://sangeetyogam.com/,2sangeetyoga@gmail.com
http://stephaniegilbertyoga.com/,segilbert@Gmail.com,segilbert@gmail.com
http://somahyoga.com/,contato@somahyoga.com
http://simplyyogawny.com/,info@ndiscovered.com,filler@godaddy.com
http://carolinewilliamsyoga.com/,caroline@carolinewilliamsyoga.com
http://yogalates-training.com/,info@yogalates.com.au,info@yogalates.com
http://levityoga.com/,starkolb78@hotmail.com
http://openupyogatt.com/,//info@openupyogatt.com,info@openupyogatt.com
http://acroyogaaz.com/,petergariepy@gmail.com
http://stickyfingersyoga.com/,info@stickyfingersyoga.com
http://ganeshayogaecuador.com/,ganeshayogastudio@outlook.com,info@ganeshayogaecuador.com
http://ganeshahotyogastpete.com/,impallari@gmail.com,mail@iginomarini.com,team@latofonts.com,info@ganeshahotyogastpete.com
http://yogahouseila.com/,izumi260808@gmail.com
http://yogafit4u.com/,team@latofonts.com,anapbm@gmail.com
http://evelynyoga.com/,evelynyoga2@gmail.com
http://innerpeacemindfulnessandyoga.com/,lauralundyborg@yahoo.com
http://mediterraneayoga.org/,mediterraneayoga@gmail.com
http://naderyoga.com/,naderyoga@gmail.com
http://siddhiyogaindia.com/,siddhiyttc@gmail.com,siddhiyoga7@gmail.com
http://ganeshraoyoga.com/,wordpress@example.com
http://yogastretchandflex.com/,yogastretchandflex@hotmail.com
http://keaneyoga.com/,kim@keaneyoga.com
http://teneriffeyoga.com/,yoga@teneriffe-yoga.com
http://ryesyoga.com/,ryesyoga@gmail.com
http://ramilapatelyoga.com/,info@ramilapatelyoga.com
http://anandayogaportland.org/,info@anandaportland.org
http://yogafaine.com/,info@yogafaine.com
http://yogafornashville.com/,connect@yogafornashville.com,YogaForNashville@gmail.com
http://layogacruise.com/,info@LAyogaCruise.com
http://maggietyoga.com/,maggiebtaylor@gmail.com
http://samadhiyogacr.com/,info@samadhiyogacr.com
http://sinsanyoga.com/,sinsanyoga@gmail.com,SINSANYOGA@GMAIL.COM
http://sagebloomyoga.com/,sagebloomyoga@outlook.com,support@schedulista.com
http://cocotomoyoga.com/,cocotomoyoga@gmail.com
http://tyogamassage.com/,ecolucciol@gmail.com
http://naturo-ayurveda-yoga.com/,mittal@gmail.com
http://indischeyoga.com/,support@pasarhosting.com
http://minniesamengoyoga.com/,minniesamengoyoga@gmail.com
http://associationyogadelys.org/,yogadelys@yahoo.com
http://patrick.yoga/,patrick@patrick.yoga
http://travelsurfyoga.com/,info@travelsurfyoga.com
http://flowwithnikkiyoga.com/,nikkia.yoga@gmail.com,yoga@gmail.com
http://onestudioyogaqigong.com/,eva@hotmail.com,ilona@onestudioyogaqigong.com
http://yogawithgianna.com/,yOGAWGIANNA@GMAIL.COM,mauiyogawg@gmail.com
http://galaxy-yoga.info/,example@peraichi.com
http://wasu.yoga/,team@latofonts.com
http://bayflow.yoga/,bfkichijojiyoga@adastria.co.jp
http://ashish.yoga/,ashish@ashish.yoga
http://roselakeyoga.com/,julie@roselakeyoga.com
http://modernyogacle.com/,info@modernyogacle.com
http://beayogawarrior.com/,beayogawarrior@hotmail.com
http://solihullyoga.com/,alice@solihullyoga.com
http://centerforiyengaryoga.com/,hello@centerforiyengaryoga.com
http://enixyoga.org/,eni@enixyoga.org
http://newearthyoganz.com/,katia@newearthyoganz.com
http://natashaomyoga.com/,template.placeholder@example.com,placeholder@example.com,atashaomyoga@gmail.com
http://feathersyoga.com/,feathers.pure.skin@gmail.com,skin@gmail.com
http://balancemeyoga.com/,balancemeyoga@aol.com
http://prashantyoganilayam.com/,info@prashantyoganilayam.com
http://yoganeshcozumel.com/,yoganesh.cozumel@gmail.com,cozumel@gmail.com
http://yoga-insingen.com/,olga.illichova@gmail.com,illichova@gmail.com
http://mammothyogafestival.com/,help@mammothyogafestival.com,info@mammothyogafestival.com
http://sadiewellsyoga.com/,sadie@sadiewellsyoga.com
http://siewyueyoga.com/,yogasiewyue@gmail.com
http://caitsimmonsyoga.com/,caitsimmons@gmail.com
http://downtownyogafargo.com/,dani@downtownyogafargo.com,Dani@downtownyogafargo.com
http://sarvangayoga.us/,impallari@gmail.com,mail@iginomarini.com,team@latofonts.com
http://rebeccabrownyoga.com/,rebecca@rebeccabrownyoga.com
http://586yoga.com/,586yoga@gmail.com
http://naturalhighyoga.com/,info@naturalhighyoga.com
http://perpignanyoga.com/,contact@perpignanyoga.com
http://yogabydevyn.com/,yogabydevyn@gmail.com, yogabydevyn@gmail.com
http://yogawellnessbykelly.com/,holisticspiritkelly@gmail.com
http://yogawithandy.com/,hello@yogawithandy.com
http://youryogazone.com/,contact@youryogazone.com
http://yogawithsoul.com/,erinrents@gmail.com
http://yogastudiovng.com/,yogastudiovng@gmail.com
http://zumglueckyoga.com/,info@zumglueckyoga.com
http://tharayoga.com/,utharas@gmail.com
http://journeyofhopeyoga.org/,info@journeyofhopeyoga.org
http://sabineruehlow-yinyangyoga.com/,sabine-ruehlow@t-online.de
http://soulsticeyogastudio.com/,soulsticeyogastudio@gmail.com
http://alinafriedmanyoga.com/,alinafriedman.yoga@gmail.com,yoga@gmail.com
http://yogapourtous.org/,irina@yogapourtous.org
http://kirstystewart.yoga/,enquiries@kirstystewart.yoga
http://stuart.yoga/,impallari@gmail.com,team@latofonts.com,info@stuartyoga.com
http://primeyoga.org/,contactprimeyoga@gmail.com
http://outfit.yoga/,support@dan.com
http://journeyyogaroc.com/,journeyyogaroc@gmail.com
http://fatimatayoga.com/,//FatimataSanogo@yahoo.fr,fatimata@sahelsage.com
http://firepathyoga.com/,yogawithelizam@gmail.com
http://buddhabarnyoga.com/,kelly@buddhabarnyoga.com,team@latofonts.com
http://shantiyogastudycenter.com/,info@santhiyogacentre.com,support@schedulista.com
http://centroanahatayoga.com/,salanahata@gmail.com
http://daniellezyoga.com/,daniellezyoga@gmail.com
http://trueyoga108.com/,trueyoga108@gmail.com,pureyoga108@gmail.com
http://grattitudehotyoga.com/,gratitudehotyoga@gmail.com,hello@gratitudeyogainc.com
http://unravelthaiyogabodywork.com/,jshay@cableone.net
http://yogagrenland.com/,marieke@yoga-grenland.no
http://yoga-feelgood.com/,info@yoga-feelgood.com
http://yogabykateshin.com/,KateShin@YogabyKateShin.com,kateshin@yogabykateshin.com
http://yogavenlo.com/,info@yogavenlo.com
http://yogarockstheparkdenver.com/,christina@christinapischel.com
http://yogabystillwater.com/,megan@yogabystillwater.com
http://namasteyogavigo.com/,namasteyogavigo@gmail.com
http://nicolegraceyoga.com/,info@nicolegraceyoga.com
http://christinewuyoga.com/,christinewuyoga@gmail.com
http://distancezeroyoga.com/,info@distancezeroyoga.com
http://desertbreezeyoga.com/,donna@desertbreezeyoga.com,donnavwyk@gmail.com,email@address.com
http://tinylittlecreativeyoga.com/,tinylittlecreativeyoga@gmail.com
http://arukahgoatyoga.com/,arukahgoatyoga@gmail.com
http://acroyogamovement.com/,Victoriaoppenheim10@gmail.com
http://aurorabowkettyoga.com/,aurorabowkettyoga@gmail.com,aurorabowketyoga@gmail.com
http://yogawithkim.org/,kimbakerblair@me.com
http://innerjewel.yoga/,clairermt@gmail.com
http://kulakids.yoga/,paigeeblu@kulakids.yoga
http://balletyogagirl.com/,emilysulayoga@gmail.com,u003eemilysulayoga@gmail.com
http://yogasamrimouski.com/,info@yogasamrimouski.com
http://lotusseedyoga.com/,contact@lotusseed.org
http://celestialroseyoga.com/,celestialroseyoga@gmail.com,CELESTIALROSEYOGA@GMAIL.COM
http://natalienyyoga.com/,nataliepollinger@gmail.com
http://akoma.yoga/,akomacommunity@gmail.com
http://elenayogateacher.com/,elenaamani2@gmail.com,support@schedulista.com
http://yogaandwellnessbysigrid.com/,sigrid.yoga@gmail.com,yoga@gmail.com
http://yoga-yogini.com/,contact@yoga-yogini.com
http://lafortunayoga.com/,lafortunayoga@gmail.com,amahip@hotmal.com
http://camillarooneyyoga.com/,camilla@camillarooneyyoga.com
http://dementiayoga.com/,kathleen@dementiayoga.com,Kathleen@dementiayoga.com
http://alchemiseyogastudio.com/,info@alchemiseyogastudio.com
http://orbitayoga.org/,orbitayogacc@gmail.com
http://charlienicholsonyoga.com/,charlie@charlienicholsonyoga.com
http://doduyoga.com/,namaste@doduyoga.com
http://woga-yoga.com/,,i%6E%66%6F@wo%67a-yoga.com
http://wobblytreeyoga.com/,Lindsay@wobblytreeyoga.com
http://graceyoga.org/,info@graceyoga.org
http://jaiyogaschool.com/,jaialbany@gmail.com
http://gkanzeryoga.com/,gkkcapecod@gmail.com
http://yogangelika.com/,yogangelika@gmail.com
http://murielyoga.com/,murieltoutant.yoga@gmail.com,yoga@gmail.com
http://hathamurti-yoga-bayonne.com/,lisatedone@aol.com
http://khogiyoga.com/,info@my-domain.com,contact@khogiyoga.com
http://simplylove.yoga/,your@email.com
http://inspirit.yoga/,info@inspirit.yoga
http://ahimsayogajn.com/,jan.norman3@gmail.com,norman3@gmail.com
http://funkylionyoga.com/,nicole@funkylionyoga.com
http://essentialyogaschool-pr.com/,yogajennc@gmail.com,yogajennc@gmail.com 
http://jennifersbrocchiyoga.com/,jennifersbrocchiyoga@gmail.com
http://yogavenkatesh.com/,vipsglobal@yahoo.com
http://yogawithapen.com/,V.PRIYA@YOGAWITHAPEN.COM,PRIYA@YOGAWITHAPEN.COM
http://laiaboveyoga.com/,laiaboveyoga@gmail.com
http://mcqueenyoga.com/,ellen@mcqueenyoga.com
http://soulmedicineyoga.com/,startoearth@gmail.com
http://commonbondyoga.com/,hello@commonbondyoga.com
http://theyogaroomct.com/,Theyogaroomct@gmail.com
http://audreymelloyoga.com/,audreymelloyoga@gmail.com
http://anybodyyogamemphis.com/,info@anybodyyogamemphis.om,info@anybodyyogamemphis.com
http://walkthetalkyoga.com/,info@walkthetalkyoga.com,http://walkthetalkyoga.com/about-1/
http://nurtureyogateachertraining.com/,info@nurtureyogateachertraining.com,claireyoga@me.com,caro.carey@live.com,carey@live.com
http://urbanayoga.com/,http://urbanayoga.com/
http://omniyogalife.com/,DebaMcKay@me.com
http://genyogatx.com/,example@example.com,%20hello@genyogatx.com,20hello@genyogatx.com
http://peacefulposeskidsyoga.com/,info@peacefulposeskidsyoga.com,annkfields@gmail.com
http://yoga-nalu.com/,naluyoga.jp@gmail.com,jp@gmail.com
http://yoganavan.com/, contact@yoganavan.com,contact@yoganavan.com
http://findyourflowyoga.org/,astigma@astigmatic.com,matt@pixelspread.com,impallari@gmail.com,hello@rfuenzalida.com
http://ekamyogashala.com/,yoga@ekamyogashala.com
http://yogawithpenelopezikic.com/,practicewithpenelope@gmail.com,penelopezikicyoga@gmail.com
http://yogawithtobi.com/,tobicouture@gmail.com
http://alexyogatouch.com/,info@alexyogatouch.com
http://winnylittleyoga.com/,info@winnylittleyoga.com
http://tribehotyoga.guru/,tribehotyogamantua@gmail.com
http://karenclancyyoga.com/,karenclancy.yoga@gmail.com,yoga@gmail.com
http://pureyogamindbody.com/,lrhutchens@outlook.com
http://yoga-vue-sur-mer.com/,yogavuesurmer@gmail.com
http://yogawithvictory.com/,victorymccabe1@gmail.com
http://lightasafeatheryoga.com/,laafyoga@gmail.com;,laafyoga@gmail.com
http://steelpoweryoga.com/,steelpoweryoga@gmail.com
http://chitoseyoga.com/,3@gmail.com
http://cristinapiccolidanzayoga.com/,cristinapiccoli@hotmail.it
http://atxyogatherapy.com/,lisa@atxyogatherapy.com
http://emiliefincheryoga.com/,emiliefincher@gmail.com
http://yogangela.org/,info@yogangela.org
http://espacioinfinito.yoga/,espacioinfinitochile@gmail.com
http://toga.yoga/,typedesign@gmail.com,filler@godaddy.com
http://oji-yoga.com/,info@oji-yoga.com
http://onenestyoga.com/,Lisa@OneNestYoga.com,lisa@OneNestYoga.com,studio@onenestyoga.com,lisa@onenestyoga.com,leslie@onenestyoga.com,malinda@onenestyoga.com,Studio@onenestyoga.com,Leslie@OneNestYoga.com,Malinda@OneNestYoga.com,http://onenestyoga.com/about-1/
http://javierayoga.com/,javiera.yoga@gmail.com,contact@support.com,yoga@gmail.com
http://girlbossyoga.com/,help@girlbossyoga.com
http://yogacollectivestudio.com/,yogacollectivestudio@gmail.com, yogacollectivestudio@gmail.com
http://zenyogauniversity.com/,zenwellness_suncitywest@hotmail.com
http://learnsahajayoga.com/,jassalsurinder@gmail.com
http://debhartyoga.com/,debhart9@gmail.com
http://justbeyogaretreat.info/,info@justbeyoga.eu
http://ashokayoga.info/,namaste@ashokayoga.info
http://studiomo.yoga/,online@studiomo.yoga,welkom@studiomo.yoga
http://yogapontoom.com/,yogapontoom@gmail.com
http://nila-yoga.com/,nilayogahk@gmail.com
http://wickedomyoga.com/,info@wickedomyoga.com
http://yoga-mudra-angers.com/,richard@yoga-mudra-angers.com
http://ypvyoga.com/,info@ypvyoga.com
http://smalltownyoga.com/,amysosne@gmail.com
http://valleymassageandyoga.com/,Laura.emily88@gmail.com,emily88@gmail.com
http://yogawithgarry.com/,yogawithgarry@gmail.com
http://yogabyveda.com/,sophie@yogabyveda.com,Sophie@yogabyveda.com
http://connectmovement.yoga/,stubbings@gmail.com,info@connectmovementphysio.com
http://romalovesyoga.com/,romalovesyoga@gmail.com
http://rockyriveryoga.com/,micah@micahrich.com,info@rycollab.com,hello@rockyriveryoga.com
http://jadexiaoyoga.com/,jobs@wix.com,privacy@wix.com
http://beautybalanceyoga.com/,beautybalanceyoga1@gmail.com
http://lookcloseryoga.com/,woodford@gmail.com
http://mindfulyogawithpolly.com/,mindfulyogawithpolly@gmail.com
http://yogaandchaigirl.com/,yogaandchaigirl@gmail.com,KohlerRetreat@gmail.com
http://yogalcudia.com/,yogalcudia@gmail.com,info@feelinglifeyoga.com
http://michigankundaliniyoga.org/,mohindersinghyogi@gmail.com
http://unswyogaclub.com/,unswyogaclub@gmail.com
http://imperfectyoganh.com/,impallari@gmail.com,team@latofonts.com
http://patriciagalavisyoga.com/,patricia.galavis.yoga@gmail.com,me@mywixsite.com,yoga@gmail.com
http://restoredyoga.com/,sue@restoredyoga.com
http://yogaupgh.com/,Instructorlaurel@yogaupgh.com,laurel@yogaupgh.com
http://harrietelizabethyoga.com/,info@harrietelizabethyoga.com
http://alignyogapilates.com/,jackierosenheim@gmail.com
http://anahata-yoga.org/,edioux@gmail.com
http://nishashantiyoga.com/,nishavalliere@gmail.com
http://earthandpurposeyoga.com/,http://earthandpurposeyoga.com/
http://jennyhoffmanyoga.com/,jenniferphoffman@gmail.com
http://willowbeeyoga.com/,amkryukov@gmail.com,agustinamingote@gmail.com
http://livewithyoga.org/,info@livewithyoga.org
http://whitehorse.yoga/,whitehorseyoga108@gmail.com,info@whitehorse.yoga
http://roquetteyoga.com/,roquetteyoga@gmail.com
http://yoga2yog.com/,bulk@yoga2yog.com,info@yoga2yog.com
http://yogalaboratorium.com/,pankajsaini@yogalaboratorium.com,information@yogalaboratorium.com
http://yogaunionretreats.com/,http://yogaunionretreats.com/
http://leonlondonyoga.com/,Leonrocketlondon@gmail.com
http://healthyyoganow.com/,webmaster@healthyyoganow.com
http://zenkidsyoga.org/,nwzenyoga@gmail.com
http://baileyogalla.com/,bailey.ogalla@tcu.edu
http://yogawithange.com/,angiepearson.yoga@btinternet.com,yoga@btinternet.com
http://yogaradiate.com/,LK@yogaradiate.com
http://yoga-beim-fluss.com/,jobs@wix.com,privacy@wix.com
http://lauravalerieyoga.com/,Lauravalerieyoga@gmail.com
http://vishuddhiyoga.com/,yoga.vishuddhi@gmail.com,vishuddhi@gmail.com
http://casayogachile.com/,jobs@wix.com,privacy@wix.com
http://susasana.yoga/,susasana@icloud.com
http://fabiobalbuena.yoga/,info@fabiobalbuena.com,abogado@fabiobalbuena.com,administrador@fabiobalbuena.com,datos@fabiobalbuena.com
http://biederthal.yoga/,radha@hotmail.com
http://dora.yoga/,dorarubinstein@gmail.com
http://flowandflyyoga.com/,Jessieyogahill@gmail.com,JessieYogaHill@gmail.com
http://wiartonyoga.com/,SaubleBeachYoga@gmail.com
http://javinyoga.com/,info@yogimatstraps.com
http://inspiredyoga.fit/,info@inspired2befit.com
http://yogawithshikha.com/,yogawithshikha@gmail.com
http://islandrebelyoga.com/,info@ndiscovered.com
http://laurennicoleyoga.com/,laurennicoleyoga@gmail.com
http://susanmccormickyoga.com/,team@latofonts.com,anapbm@gmail.com
http://classicalyogainternational.com/,classicalyogainternational@gmail.com
http://dallasashtangayogashala.com/,dean@dallasashtangayogashala.com, dean@dallasashtangayogashala.com
http://fitwellyoga.com/,support@fitwellyoga.com
http://95yogahouse.com/,michaela@95yogahouse.com
http://exhaleyogand.com/,exhale.yogawilliston@gmail.com,yogawilliston@gmail.com
http://yogaoverland.com/,yogaoverland@gmail.com
http://yogawsara.com/,saraleepage@hotmail.com
http://yoga-meera.com/,info@yogameera.de
http://kaylareed-yoga.com/,jobs@wix.com,privacy@wix.com
http://mindfulsoulyoga.com/,lori@mindfulsoulyoga.com
http://clearchannelyoga.com/,contact@clearchannelyoga.com
http://carpyogacenter.com/,carpyogacenter@gmail.com
http://atyoga.kiwi/,tracy@atyoga.kiwi
http://taxiyoga.org/,TaxiYoga@gmail.com
http://bethbayley.yoga/,bethbayley@gmail.com
http://aurielyoga.com/,info@aurielyoga.com
http://aromayoga-yuki.com/,yukiananda@gmail.com
http://namahshivayayoga.org/,jobs@wix.com,privacy@wix.com
http://santafeyoga.org/,joyoflife2@gmail.com,u003ejoyoflife2@gmail.com
http://rochellehardimanyoga.com/,hardiman@gmail.com
http://eahealingyoga.com/,jobs@wix.com,privacy@wix.com
http://bohemianblissyoga.com/,unite@bohemianblissyoga.com,unite@homeianblissyoga.com
http://bigdogyoga.com/,drtolle@gmail.com
http://yimayoga.com/,info@yimayoga.com
http://yogadusilence.com/,yogadusilence@gmail.com
http://yogabodynmind.com/,jetonamecaj@yahoo.com
http://lizakeyseryoga.com/,http://lizakeyseryoga.com/,liza.keyser@gmail.com,keyser@gmail.com
http://lasourceyoga.com/,yogarelaxation.lasource@gmail.com,lasource@gmail.com
http://mfhotyoga.com/,mfhotyoga@gmail.com
http://shantitoyayoga.com/,shantitoya@gmail.com,welcome@shantitoyayoga.com
http://innervoice.yoga/,kristen.lenth@gmail.com,lenth@gmail.com
http://plasma.yoga/,mail@plasma.yoga
http://robdonyoga.com/,rob@robdonyoga.com
http://joannagobleyoga.com/,joannagoble@hotmail.co.uk
http://yogawithguzel.com/,yogawithguzel@gmail.com
http://yogainthelowlands.com/,pattyklarer@gmail.com
http://yogaakademieaustria.com/,office@yogaakademie-austria.com
http://msrachelyoga.com/,msrachelyoga@gmail.com
http://sonomayogatherapy.com/,info@ndiscovered.com
http://devikundaliniyoga.com/,micah@micahrich.com
http://topyogashop.com/,contact@topyogashop.com
http://thegreenlotusyogastudio.com/,GreenLotusLebanon@gmail.com
http://sona.yoga/,connect@sona.yoga
http://mysangha.yoga/,mysanghashala@gmail.com,Mysanghashala@gmail.com
http://yogalad.com/,http://yogalad.com/
http://yogamakes.com/,welcome@yogamakes.com
http://yoga-withblair.com/,YogaWithBlair@gmail.com
http://manavyoga.com/,http://manavyoga.com/
http://hanhanyoga.com/,hanhanyoga@gmail.com
http://veganyogamom.com/,glenn@yahoo.com
http://vangmayyoga.com/,vangmayyoga22@gmail.com,contact@vangmayyoga.com
http://downdogyogagnv.com/,ddysgnv@gmail.com
http://joyfulyoganh.com/,joyfulyoganh@gmail.com
http://radiantyogashala.com/,radiantyogashala@gmail.com
http://karlioyoga.com/,orazi@gmail.com
http://talmayoga.com/,Talmagor121@gmail.com
http://wealignyoga.com/,http://wealignyoga.com/
http://yogabymao.com/,resa@yogabymao.com
http://yogabossnyc.com/,boss@yogabossnyc.com
http://be-yogateachertraining.com/,info@be-yoga.uk.com
http://omiesyogastudio.com/,info@omiesyogastudio.com
http://vasanyoga.com/,vasanyoga56@gmail.com
http://soulfocusyoga.com/,rachel@soulfocusyoga.com
http://aromayogatherapy.com/,theyogamatstudio@gmail.com
http://840kyoga.com/,info@840kyoga.com,reidy@840kyoga.com
http://yogawithuday.com/,uday@yogawithuday.com
http://lindsaymajeryoga.com/,Lindsay@lindsaymajeryoga.com,lindsay@lindsaymajeryoga.com
http://bohemianspiritheroyoga.com/,BohemianSpiritHeroYoga@gmail.com
http://ocyogafestival.com/,info@ocyogafestival.com,%20info@ocyogafestival.com,20info@ocyogafestival.com
http://anubha-centrodeyoga.com/,info@anubha-centrodeyoga.com,asociacionmentespositivas@gmail.com
http://yogamaris.net/,marisdegeneryoga@gmail.com,allie@rocofilms.com
http://theyogadojo.net/,theyogadojo108@gmail.com,hello@theyogadojorva.com,ello@theyogadojorva.com
http://jennyfromtheyogablock.com/,yarborough@me.com
http://longwittenhamyogacentre.com/,longwittenhamyogacentre@gmail.com
http://omshantiomyoga.com/,omshantiomyoga5@gmail.com
http://rebekahgraceyoga.com/,rebekahgraceyoga@gmail.com
http://yogaposes4kids.com/,paula@yogaposes4kids.com
http://ctpoweryoga.com/,info@ctpoweryoga.com
http://bengettingeryoga.com/,bengettingeryoga@gmail.com,bengettinger@gmail.com
http://ameliamarieyoga.com/,ameliapudoff@gmail.com
http://energie-yoga.com/,yoga.bruna.montagner@live.be,anthony@hotmail.com
http://utunomiya-yoga.com/,haruyoga0606@gmail.com
http://gazeyoga.com/,info@gazeyoga.com,amber@gazeyoga.com
http://worldyogaorganisation.com/,info@worldyogaorganisation.com,yoga@worldyogaorganisation.com
http://yurekayoga.com/,yurekayoga@gmail.com
http://baskhotyoga.com/,info@baskhotyoga.com
http://pranasunyoga.com/,pranasunyoga@gmail.com
http://fivemoonsyoga.com/,fivemoonsyoga@gmail.com
http://yogauniversitynj.com/, info@evenflowyoga.com,jscamorza19@gmail.com,info@evenflowyoga.com
http://bentdogyoga.com/,bentdogyoga@gmail.com,BentDogYoga@gmail.com
http://myhotyogastudio.com/,MyHotYogaStudio@gmail.com
http://yogasivananda.org/,buenosaires@sivananda.org,montevideo@sivananda.org,portoalegre@sivananda.org,neuquen@sivananda.org,aulasdeyoga@hotmail.com,info@sivanandascz.com,info@yogasivananda.cl
http://yogaliese.com/,yogaliese@gmail.com
http://ashleyshraderyoga.com/,ashley@ashleyshraderyoga.com,shley@ashleyshraderyoga.com
http://aurynyoga.com/,AurynYoga@gmail.com
http://vikarayogaacademy.com/,vikarayogaacademy@gmail.com
http://detroityogalab.com/,hello@detroityogalab.com,naomi@detroityogalab.com
http://rawsomeyoga.com/,d.marieyoga@gmail.com,marieyoga@gmail.com
http://yogabysylvia.com/,info@yogabysylvia.com ,info@yogabysylvia.com
http://omridoesyoga.com/,booking@omridoesyoga.com
http://clairegoodyoga.com/,info@clairegoodyoga.com
http://yogart-jp.com/,yogart8@gmail.com
http://yogapowerwv.com/,info@yogapowerwv.com,krista@jamiedickenson.com
http://yogapoetica.com/,yourvoice@yogapoetica.com
http://meredithmooney-yoga.com/,mmooney28@gmail.com
http://peaceandplayyoga.com/,andrea@andreaklunder.com
http://syfyoga.com/,info@syfyoga.com,rishiyoga@gmail.com,rishyoga@gmail.com,rishiyoga123@gmail.com
http://yogabee.net/,alla@yogabee.net
http://charakyoga.com/,info@charakyoga.com,kanchanthagunna@gmail.com
http://annabrookyoga.com/,anna.brook@rocketmail.com,brook@rocketmail.com
http://journey-yoga.com/,JourneyYogaStudio@Gmail.com
http://yogainbody.com/,lightwarriors@yogainbody.com
http://tokyogamestation.com/,us@tokyogamestation.com
http://sycyoga.com/,info@sycyoga.com
http://kalpanayoga.com/,spriest@kalpanayoga.com
http://kolawyoga.com/,Policy@gmail.com
http://brennmicaelyoga.com/,brenmicaelyoga@gmail.com,brennmicaelyoga@gmail.com,brennmicael@hotmail.com
http://holidaysyogacenter.com/,holiday@holidaysyogacenter.com
http://mikelewisyoga.com/,transcendsyoga@gmail.com
http://susansilhanyoga.com/,susansilhan@gmail.com
http://salamatyoga.com/,info@salamatyoga.com
http://corporateyogamuse.com/,jen@corporateyogamuse.com
http://yogawithdebbielutzkyallen.com/,deborahl@grm.net
http://yogamuladhara.com/,info@yogamuladhara.com
http://emoceanyoga.com/,linda@emoceanyoga.com
http://emilysyoga.com/,emilyisoyoga@gmail.com
http://arlenemindedyoga.com/,arleneyogatherapist@hotmail.com
http://embodyyogamke.com/,joanna@embodyyogamke.com
http://shaanyoga.com/,mail@shaanyoga.com
http://sampoornayogaboutique.com/,info@yogihari.com,email@example.com
http://kevinngyoga.com/,kevin.k.ng@outlook.com,ng@outlook.com
http://urbanzenyogacafe.com/,hello@urbanzenyogacafe.com,studio@urbanzenyogacafe.com
http://rootyogaoxford.com/,emily@rootyogaoxford.com,emilybufler@gmail.com
http://holyyogapella.org/,holyyogapella@gmail.com
http://yogabasingstoke.com/,INFO@YOGABASINGSTOKE.COM
http://norwaypoweryoga.com/,hello@norwaypoweryoga.com,caroline@norwaypoweryoga.com
http://wildzenyoga.com/,wildzenyoga@gmail.com,carrielouise13@gmail.com
http://yogavibe585.com/,yogavibe585@gmail.com
http://yoga-lite.com/,amrolfe@outlook.com
http://kymleeyoga.com/,info@kymleeyoga.com
http://yogafleurdevie.org/,eli.canziani@gmail,yogafleurdevie@gmail.com
http://wakeyoga.com/,bd@wakeyoga.com,hr@wakeyoga.com
http://tantrayogadubai.com/,zbataineh@gmail.com
http://zaandiyogastudio.com/,dkienitz3@hotmail.com
http://newrajayoga.com/,p@newrajayoga.com
http://consciouskidsyoga.com/,mindfulyogikids@gmail.com
http://yogawithnursecrystal.com/,zumba.withcrystal@yahoo.com,yogawithnursecrystal@gmail.com,withcrystal@yahoo.com
http://yogahomeworkout.com/,info@yogahomeworkout.com
http://ahimsayogastudios.com/,ahimsadesk@gmail.com
http://exhaleyogatherapy.com/,lori@exhaleyogatherapy.com
http://stouffvilleyogalife.com/,info@stouffvilleyogalife.com
http://sandradawnyogawpg.com/,sandrayogawpg@gmail.com
http://slowlifeyogamenorca.com/,cadfa@me.com
http://firewithinyoga.com/,jessica@firewithinyoga.com
http://yogastra.com/,anupam@yogastra.com
http://m-poweryoga.com/,mpoweryogawellness@gmail.com,impallari@gmail.com,team@latofonts.com
http://seventhhillyoga.com/,info@seventhhillyoga.com
http://eywayoga.net/,syxheidi@gmail.com
http://halaaryanyoga.com/,halaaryan@me.com
http://vitalbodyyoga.com/,andrea@vitalbodyyoga.com
http://urbanashramyoga.com/,info@urbanashramyoga.com
http://omshantiyoga.net/,Zoeparente@gmail.com
http://yogamia.biz/,yogamiasera@gmail.com
http://onevictoryyoga.com/,onevictoryyoga@gmail.com,1victoryyoga@gmail.com
http://outdooryogasf.com/,julie@outdooryogasf.com,caroline@outdooryogasf.com
http://inspirationyoga-gardanne.com/,inspirationyoga13@gmail.com
http://pemayoga.com/,info@pemayoga.com
http://somyoga.com/,contact@somyoga.com
http://theyogamile.com/,silky@theyogamile.com
http://westkelownayoga.com/,shineonyogakelowna@gmail.com
http://yoga4studio.com/,christina@yoga4studio.com
http://dhanaescueladeyoga.net/,dhanaescueladeyoga@hotmail.com
http://templeofyogadolly.org/,dolly@gmail.com,templeofyoga.dolly@gmail.com
http://judysyogastudio.com/,impallari@gmail.com
http://natteyoga.com/,natteyoga@gmail.com
http://lovesurfyoga.com/,lovesurfyoga@gmail.com,patricia@lovesurfyoga.com
http://onedeepbreathyoga.com/,chuahwendy@gmail.com,template.placeholder@gmail.com,placeholder@gmail.com,onedeepbreathyoga@gmail.com
http://sunmoonyogawellness.com/,info@sunmoonyogawellness.com
http://atelierduyoga.info/,ldn@googlemail.com,helene@atelierduyoga.com
http://yogatorrejon.com/,info@yogatorrejon.com
http://yogalakeelsinore.com/,cindyorioli@gmail.com
http://letapisvolant-yoga.com/,yoga@gmail.com
http://barrasanayoga.com/,valucha@barrasanayoga.com
http://bhandariyogayurveda.com/,bhandariyogaurveda@gmail.com,booking@sulislaw.pl,Bhandariyog@gmail.com,cmbhandari@gmail.com
http://newpathyoga.com/,susan@newpathyoga.com
http://beccicurtisyoga.com/,becci.e.curtis@gmail.com,curtis@gmail.com
http://healingyogastjohn.com/,healingyogastjohn@gmail.com
http://arhaticpranayoga.com/,pranayogaashram@gmail.com,choasbluepearl@yahoo.com
http://supyogacalifornia.com/,supyogacalifornia@gmail.com
http://thriveyogaoc.com/,hello@thriveyogaoc.com
http://katejayneyoga.com/,kate@katejayneyoga.com
http://michelecrutchfieldyoga.com/,michelecrutchfieldyoga@gmail.com
http://mariepierturgeonyoga.com/,mariepierturgeon@gmail.com
http://atelieryogaenergie.com/,valla.catherine@gmail.com,catherine@gmail.com
http://amariyoga.com/,info@amariyoga.com
http://arlbergyoga.com/,alexandra.duncan@gmx.net
http://desiretreeyoga.com/,info@desiretreeyoga.com
http://pennyoga.com/,laura@pennyoga.com
http://completeunityyoga.com/,hello@completeunityyoga.com
http://yogawithro.com/,roisin.gaughran@gmail.com,gaughran@gmail.com
http://yogaretreatholidays.com/,info@yogaretreatholidays.com,amberserene@outlook.com,allyfoster@googlemail.com,robwills1987@gmail.com
http://bexleyyoga.com/,info@bexleyyoga.com
http://midlandsyoga.com/,info@midlandsyoga.com,midlandsyoga@gmail.com
http://jaymayoga.com/,jaymayoga@gmail.com
http://spiritdogyoga.com/,nancy@spiritdogyoga.com
http://suzannasloanyinyoga.com/,suzanna.sloan@gmail.com,sloan@gmail.com
http://katemitchellyoga.com/,kate@katemitchellyoga.com.au,katemitchellyoga@gmail.com,kate@katemitchellyoga.com
http://nadiyoga-shala.com/,nadiyoga@hotmail.com
http://yogashackbc.com/,rosie@yogashackbc.com
http://icyoga.net/,icyoga95@gmail.com
http://nithyanandayogauniversity.org/,nvtstl@gmail.com
http://bo-yoga-nice.com/,boyoga@outlook.com
http://bijayogalove.com/,http://bijayogalove.com/,mjmarchand@gmail.com
http://siddhiyoga.org/,mail@example.com,yogesh@infipi.com
http://washingtonyogacenter.com/,info@washingtonyogacenter.com
http://firehouseyogalakewood.com/,info@firehouseyogalakewood.com
http://yogaontay.com/,yogaontay@gmail.com
http://yogakidsworld.com/, info@yogakidsworld.com ,info@yogakidsworld.com
http://merakiyogastudio.com/,info@merakiyogastudio.com
http://mclaughlinlublinyoga.com/,nicole@mclaughlinlublinyoga.com
http://mappamundiyoga.com/,,mappamundiyoga@gmail.com
http://xploreyogajakarta.com/,budah@xploreyogajakarta.com
http://empoweryoganj.com/,info@empoweryoganj.com
http://yoga-traditionnel-angers.com/,yogatraditionnel@yahoo.fr
http://bluelotusyogastudio.com/,BlueLotusYogaStudio@gmail.com
http://myindigoyoga.com/,info@myindigoyoga.com
http://oceanblissyoga.com/,mail@oceanblissyoga.com
http://thrivehotyoga.com/,info@thrivehotyoga.com
http://exhaleyogastudios.com/,eXhaleYoga@tpg.com.au,eXhaleYoga@tpg.com,eXhaleYOGA@tpg.com.au,eXhaleYOGA@tpg.com
http://darialovesyoga.com/,daria@darialovesyoga.com,darialovesyoga@gmail.com
http://deepbreathyoga.com/,m.love95@gmail.com,love95@gmail.com,m@deepbreathyoga.com
http://yogambil7.com/,harteker@freenet.de
http://louisacaineyoga.com/,louisacaineyoga@gmail.com
http://groundandcenteryoga.com/,groundandcenteryoga@gmail.com
http://kidsyogastorycards.com/,johnsondariky@gmail.com
http://jaiyogajourneys.com/,info@jaiyogajourneys.com,info@JaiYogaArts.com,info@jaiyogaarts.com
http://yogawithterri.com/,terri@yogawithterri.com
http://yogatute.com/,yogatute@gmail.com
http://yogatransformationretreat.com/,Cardessa@gmail.com
http://yogamountainshadows.com/,info@yogamountainshadows.com,support@schedulista.com
http://bctyoga.com/,goojha1@gmail.com
http://melissaoyoga.com/,teambccyro@gmail.com,yoga@gmail.com
http://acceptanceyogawithsallyann.com/,acceptanceyoga@gmail.com
http://itsyogafuerteventura.com/,salla@itsyoga.com
http://purebalanceyogabathurst.com/,purebalancebathurst@gmail.com
http://juelslarsonyoga.com/,yoga4juels@gmail.com
http://neelysyoga.com/,neelysyoga@gmail.com,neelywadden@gmail.com
http://omkidsyogari.com/,elyse@omkidsyogari.com
http://icantyoga.com/,frick@gmail.com
http://yogarouge.com/,yoga@yogarouge.com
http://viniyogapeace.com/,filler@godaddy.com,angelavanhemert@yahoo.com,viniyogapeace@gmail.com
http://kidstoteenyoga.com/,kidstoteensyoga@gmail.com
http://soulsanctuaryyoga.net/,soulsanctuaryyoga@gmail.com
http://yogashala-lemans.com/,yogashala.lemans@gmail.com,lemans@gmail.com
http://yogaplustudio.com/,,yogaplustudio@yahoo.com
http://northyoga.net/,Info@northyoga.net,info@northyoga.net
http://halfmoonyogafit.com/,majeeda@halfmoonyogafit.com,info@domain.com,contact@halfmoonyogafit.com,majeeda21@gmail.com,amynicholsonwellness@gmail.com,gbehnen49@yahoo.com,uzmakaizencoaching@gmail.com
http://ashtangayogaorangecounty.com/,ashtangayoga@gmail.com
http://tewkesburyyoga.com/,rachel@tewkesburyyoga.com
http://redtreehotyoga.com/,redtreehotyoga@gmail.com
http://rosewayyoga.com/,rosewayyoga@gmail.com
http://wanderloveyoga.com/,hello@wanderloveyoga.com
http://tanoryyoga.com/,ateek@gmail.com
http://lustyoga.com/,info@lustyoga.com,hello@lustyoga.com,mikaela@lustyoga.com
http://brookeellistonyoga.com/,brooke.e.elliston@gmail.com,hello@brookeellistonyoga.com,elliston@gmail.com
http://blumeyoga.com/,info@blumeyoga.com
http://adhyatmayogasansthan.com/,ays612014@gmail.com,Adhyatmayogasansthan@gmail.com
http://udforyoga.com/,natasha@udforyoga.com
http://freiraum-yoga.net/,ullamoeller@icloud.com
http://yogafylia.com/,webmaster@yogafylia.com
http://yogalagomaggiore.com/,cricri.ciocca@gmail.com,ciocca@gmail.com
http://audrayoga.com/,yoga@gmail.com
http://northcountryyogaschool.com/,info@northcountryyogaschool.com
http://birdsongyoga.com/,lisawyer7@gmail.com
http://varyoga.com/,varyoga83@gmail.com,team@jimdo.com
http://iheartkundaliniyoga.com/,iheartkundaliniyoga@gmail.com,IHeartKundaliniYoga@gmail.com
http://powerhousefitnessandyoga.com/,admin@powerhousefitnessandyoga.com
http://sunflower-yoga.com/,meg@sunflower-yoga.com
http://rachelmayyoga.com/,yoginirae@gmail.com
http://nectarflowyoga.com/, nectarflowyoga@gmail.com,nectarflowyoga@gmail.com
http://hedgehogyoga.com/,Melodicviolin@gmail.com
http://sherocksyoga.com/,filler@godaddy.com
http://yogachristian.info/,crikri@yogachristian.info
http://yogabindbar.com/,suzanne@yogabindbar.com
http://hrvyoga.com/,tish@hrvyoga.com
http://paulatayloryoga.com/,paulatayloryoga@gmail.com
http://tantrayogaoahu.com/,TantraYogaOahu@gmail.com
http://balancedflowyoga.net/,aliceharperyoga@gmail.com
http://spiralpathyogacenter.com/,info@spiralpathyogacenter.com, info@spiralpathyogacenter.com
http://yoga-harrogate.com/,ute@yoga-harrogate.com,Ute@yoga-harrogate.com
http://highenergyfusionyoga.com/,victoria@highenergyfusionyoga.com
http://midivineyoga.com/,Sheilacrider7@gmail.com
http://smilingbuddhayoga.org/,smilingbuddhayogabonaire@gmail.com
http://catch22yoga.com/,catch22yoga@gmail.com,email@domain.com,yogimitra333@gmail.com
http://yogamotionclasses.com/,yogamotionclasses@gmail.com
http://airyogastyle-r.com/,r@gmail.com
http://yoga-sculpt.com/,kirty@yoga-sculpt.com
http://yogaallianceinternationalfrance.com/,rotfus@gmail.com,nheatonlucy10@googlemail.com,nsabrinauge@hotmail.com,nmslalane@gmail.com,nvyminda@gmail.com,pryimak@gmail.com,nmariesanchez82@hotmail.com,ncrocro2@gmail.com,giacomini@gmail.com,nfrancoiseleveau@hotmail.com,nfhedrayogadance@gmail.com,nerikavanbriel@hotmail.com,nanitamazaheri@yahoo.com,yaifrance@gmail.com
http://yogawithlea.com/,yogawithleanow@gmail.com
http://yogalivesochi.com/,info@wix.com
http://yoyoyogaproject.com/,Annieevasick@yahoo.com,annieevasick@yahoo.com
http://michaeljarvisyoga.com/,contact@michaeljarvisyoga.com
http://avitayoga.com/,avitayoga@gmail.com
http://shineyogawny.com/,sara@shineyogawny.com,14075sara@shineyogawny.com
http://mariposayoganicoleom.com/,mariposayoganicole@gmail.com,nicoleartisticteacher@gmail.com
http://marjoriedawnyoga.com/,'Hello@marjoriedawnyoga.com',Hello@marjoriedawnyoga.com,hello@marjoriedawnyoga.com
http://incysyoga.org/,info@incysyoga.org,chittaranjaincys@gmail.com
http://fitflexyoga.com/,info@fitflexyoga.com
http://ashtangayogamonterey.com/,ashtangayogamonterey@gmail.com
http://emiliehathayoga.com/,tempojazzlh@gmail.com,assobybe@gmail.com,emiliehathayoga@gmail.com
http://tahoeyogashala.com/,tahoeyogashala@gmail.com
http://yogaryt.com/,tcs@metaaxis.co.jp
http://yogajoysaigon.com/,info@yogajoysaigon.com,alison@yogajoysaigon.com
http://yogaislavista.com/,info@yogaislavista.com
http://yoga-incommon.com/,contact@yicsingapore.com
http://monicamotleyyoga.com/,monica.motley.yoga@gmail.com,yoga@gmail.com
http://velvetyoga.com/,myvelvetyoga@gmail.com,dupont@gmail.com
http://powerdatingyoga.com/,pdy@powerdatingyoga.com.au,pdy@powerdatingyoga.com
http://unitedyogasiemreap.com/,unitedyogasiemreap@gmail.com
http://gabriellesigalyoga.com/,gabriellesigal@aol.com
http://angelavinasyoga.com/,angelavinas2014@gmail.com
http://elementhotyoga.com/,info@elementhotyoga.com,exhale369@gmail.com
http://jtayloryoga.com/,jtayloryoga@gmail.com
http://yogastevepruneau.com/,pruneau@gmail.com
http://moviyoga.com/,motola@hotmail.com
http://annikawilliamsyoga.org/,annikaautumn@yahoo.com
http://ekomkaryoga.com/,mail@ekomkaryoga.com
http://shashtiyoga.com/,info@shashtiyoga.com
http://suzanyoga.com/,suzan@suzanyoga.com
http://sethyogamusic.com/,seth@sethyogamusic.com,jotpad@hotmail.com
http://toniyoga.com/,tonifergusonyoga@gmail.com
http://soumyam.yoga/,admin@soumyam.yoga
http://respira.yoga/,respirayogasardinia@gmail.com
http://urbanyoga-pr.com/,prishtine@gmail.com,urbanyoga.prishtine@gmail.com
http://basicasbrunchandyoga.com/,basicasbrunchandyoga@gmail.com
http://piyoga.com/,support@dan.com
http://yogateacherindia.com/,Yog@yogateacherindia.com
http://yogafireflow.com/,Yogafireflow@gmail.com,yogafireflow@gmail.com
http://yogabyiris.com/,irisfranks@melaconcepts.com
http://yogaenluberon.com/,gauthier012@gmail.com,longue@gmail.com
http://yogaexpertuniverse.com/,Yog@yogaexpertuniverse.com
http://melissafineyoga.com/,melissafineyoga@gmail.com
http://homesweetyoga.com/,alexa@homesweetyoga.com
http://sigourneyyoungyoga.com/,young@gmail.com
http://theyogabrain.com/,hello@theyogabrain.com
http://yogamassage.gold/,ireen@yogamassage.gold
http://yogaundklang.info/,
http://yogaindus.com/,email@example.com,industries@gmail.com
http://myyogatherapist.com/,yoga2light@gmail.com
http://nashvilleyogafarm.com/,press@bluehost.com,affiliates@bluehost.com,legal@bluehost.com
http://mindobodyyoga.com/,hello@mindobodyyoga.com
http://shinyyogamassage.com/,shinyyogamassage@gmail.com
http://sarahkadelyoga.com/,sarah@sarahkadelyoga.com
http://carneyoga.com/,Yogacarney@gmail.com
http://abbyworthyoga.com/,abigail.worth@gmail.com,worth@gmail.com
http://together.yoga/,michael@together.yoga
http://yoga2breathe.com/,yoga2breathe@gmail.com
http://lyneyogatherapy.com/,lyne@lyneyogatherapy.com,expressionsofphotography.com,Lyne@lyneyogatherapy.com
http://theyogastudiosouthlake.com/,kipmadden@cosapient.com,info@theyogastudioslk.com
http://redyoga.org/,saskiananasbaum@gmail.com,saskia.redyoga@gmail.com,redyoga@gmail.com
http://10x.yoga/,support@dan.com
http://balancingactyoga.com/,jamie@balancingactyoga.com
http://peroladoatlanticoyoga.com/,kittiperlaki@gmail.com
http://yogahappi.com/,info@yogahappi.com
http://yogaoverstock.com/,support@yogaoverstock.com
http://yogaggflow.com/,ay@yogaggflow.com
http://lofotenyogaretreat.com/,lofotenyogaretreat@gmail.com
http://movewellyoga.com/,roberta_harrison@me.com
http://mountainyogastudio.com/,mountainyogastudio@gmail.com
http://triptiyoganathan.com/,ananyapottery@gmail.com
http://suktiyoga.com/,suktiyoga@gmail.com
http://elephantyoga.org/,info@elephantyoga.co.uk
http://sacredselfyoga.org/,sacredselfyoga@gmail.com
http://blackcatyogajax.com/,blackcatyogajax@gmail.com
http://yogaonandoffthemat.com/,dominique.yoga.kundalini@gmail.com,kundalini@gmail.com
http://hallowyoga.com/,kate@hallowyoga.com
http://myspace-yoga.com/,otoiawase@myspace-yoga.com
http://mysticyogatribe.com/,namaste@mysticyogatribe.com
http://sanctuaryyogabyamber.com/,impallari@gmail.com,team@latofonts.com,sanctuaryyogabyamber@gmail.com
http://threesunyoga.com/,hello@threesunyoga.com,karalea@threesunyoga.com
http://wisdomyogainstitute.org/,chandrika@suryahealth.com.au,chandrika@suryahealth.com
http://jupieyoga.com/,jupieyoga@gmail.com
http://bukayoga.com/,brooke@bukayoga.com
http://bookyogainrishikesh.com/,bookyogainrishikesh@gmail.com,bookyoginrishikesh@gmail.com
http://yogating.com/,info@yogating.com,example@example.com
http://yogabeja.com/,bejayoga@gmail.com
http://yogawithsienna.com/,sienna@yogawithsienna.com
http://lisaschwarzyoga.com/,jobs@wix.com,privacy@wix.com
http://budsandblossom.yoga/,jal@budsandblossom.yoga
http://varenyam.yoga/,http://varenyam.yoga/
http://oneheartyogapc.com/,info.oneheartyoga@gmail.com,oneheartyoga@gmail.com
http://blacktoyoga.com/,Info@blacktoyoga.com
http://barefootdudeyoga.com/,jobs@wix.com,privacy@wix.com
http://yogaawake.com/,support@dan.com
http://mbodynmindyoga.com/,Emily@mbodynmindyoga.com
http://centralyogastudio.com/,info@centralyogastudio.com
http://thematyogavancouver.com/,thematyoga@hotmail.com
http://annabelsyoga.com/,a1kershaw@telus.net
http://fortmyersyoga.com/,http://fortmyersyoga.com/
http://yogateachermarianne.com/,joyoflife2@gmail.com,u003ejoyoflife2@gmail.com
http://yogabypatrice.com/,yogabypatrice@gmail.com
http://yogahealsinternational.com/,renee@yogahealsinternational.com
http://labellevieyogaretreat.com/,contact@mas-amarine.com,harrietspalding5@gmail.com
http://ayalayoga.com/,ayala@ayalayoga.com
http://brickcityyogastl.com/,BrickCityYogaSTL@gmail.com
http://yogamedtess.com/,yogamedtess@gmail.com
http://yoga-re-born.com/,com@gmail.com
http://iyengaryogalelystad.com/,info@iyengaryogalelystad.nl
http://moveyogahouston.com/,info@moveyogahouston.com
http://sarahmillsyoga.com/,sgmmills@gmail.com
http://collyoga.com/,info@collyoga.com
http://katiehaberyoga.com/,hello@katiehaberyoga.com
http://myyogabarn.com/,rebecca@myyogabarn.com
http://madisonpikeyoga.com/,madisonpikeyoga@gmail.com
http://solsupyoga.com/,solsupyoga@gmail.com
http://yoga-bienetre.org/,britta.dezillie@gmail.com,dezillie@gmail.com
http://bikini.yoga/,,BikiniDotYoga@Gmail.com,bikinidotyoga@gmail.com
http://farmayoga.com/,info@farmayoga.com
http://yoga-nnov.com/,nnov@gmail.com
http://yogatherapysydney.com/,http://yogatherapysydney.com/
http://yogaintent.com/,hello@yogaintent.com
http://zoezoeyoga.com/,zoe789@gmail.com
http://soulyoga.studio/,info@soulyoga.studio
http://yellowbrick.yoga/,info@yellowbrick.yoga
http://solan.yoga/,molnarmoni@solan.yoga
http://stillwaters.yoga/,yoga@gmail.com
http://happyhouryoga.fit/,atali@happyhouryoga.fit
http://gita.yoga/,centrogita@gmail.com
http://sacredselfschoolofyoga.com/,info@sacredselfschoolofyoga.com
http://sivatantrayoga.com/,info@sivatantrayoga.com
http://vancouveryoganutrition.com/,pendjolum@icloud.com
http://ragyogas.com/,vasarhelyizoltan9@gmail.com
http://karikemperyoga.com/,http://karikemperyoga.com/,karikemper@gmail.com
http://kathsdruyoga.com/,kathsdruyoga@gmail.com
http://newlandscapeyoga.com/,antonia@newlandscapeyoga.com
http://oneworldyogaretreats.com/,info@oneworldyogaretreats.com
http://omyogabordeaux.com/,jobs@wix.com,privacy@wix.com
http://jeffphenixyoga.com/,jeff@phenixyoga.com,retreats@phenixyoga.com
http://yogapleineconsciencelarochelle.com/,contact@yogapleineconsciencelarochelle.com
http://yogacura.com/,bhadrahealing@gmail.com
http://lightyogapath.com/,lucinda@lightyogapath.com
http://macrobioyoga.com/,jobs@wix.com,privacy@wix.com
http://massyogameditation.org/,http://massyogameditation.org/
http://patanjaliyogafoundation.yoga/,info@patanjaliyogafoundation.com
http://shakti.yoga/,info@shakti.yoga
http://annaparker.yoga/,anna.parker.yoga@gmail.com,yoga@gmail.com
http://rhodamurphyyoga.com/,RhodaMurphyYoga@icloud.com
http://radiancerisingyogatherapy.com/,support@radiancerisingyogatherapy.com
http://babybellesmassageyoga.com/,lisa@babybellesmassageyoga.com
http://yogadhana.com/,lenalynnjulietporter@gmail.com,yogadhanauk@gmail.com
http://yogasavi.com/,info@yogasavi.com
http://miyogatenerife.com/,miyogatenerife@hotmail.com
http://mandalayogabnb.com/,mandalayogabnb@yahoo.com
http://surfyogamovement.com/,contact@surfyogamovement.com
http://vive-acroyoga.com/,viveacroyoga@gmail.com
http://ashtangayoga2002.com/, eleftherialagoudaki@gmail.com,eleftherialagoudaki@gmail.com
http://ajitapurohityoga.com/,ajitapurohityoga@gmail.com
http://alignyogaandart.com/,http://alignyogaandart.com/
http://fivedoorsyoga.com/,http://fivedoorsyoga.com/,info@fivedoorsyoga.com
http://justbeeyogaco.com/,support@justbeeyogaco.com
http://boloyoga.com/,DIANA@BOLOYOGA.COM,impallari@gmail.com,team@latofonts.com
http://yogaastherapykc.com/,cindy@yogaastherapykc.com,konomos@sbcglobal.net,support@schedulista.com
http://sydneyyogacollective.com/,hello@sydneyyogacollective.com
http://karmayogasc.org/,karmayogasc@gmail.com
http://yogawithnaomi.rocks/,naomi@miniyogawandsworth.com
http://trapyogabaeapp.com/,jobs@wix.com,privacy@wix.com
http://thriveyogafruita.com/,thriveyogacrestedbutte@gmail.com,thriveyogafruita@gmail.com
http://sabinamaschiyoga.com/,jobs@wix.com,privacy@wix.com
http://yogaflorida.org/,joyoflife2@gmail.com,u003ejoyoflife2@gmail.com
http://homeshantih.yoga/,julie@homeshantih.yoga
http://exploreyogawithmona.com/,monalisa_saikia@hotmail.com
http://elementalyogaretreat.com/,elementalyogaretreat@gmail.com
http://born4yoga.com/,info@born4yoga.com
http://yogaarise.com/,arnor@yogaarise.com
http://yoganandaparenting.com/,youremail@example.com
http://yogafame.com/,,orionis@gmail.com
http://yoga-within.com/,http://yoga-within.com/
http://melissadeneyoga.com/,melissadeneyoga@gmail.com
http://solyoganyc.com/,yvonneperry@gmail.com
http://toupieyoga.com/,info@toupieyoga.com
http://shaunseyyoga.com/,yogashauna@gmail.com
http://reverenceyogasd.com/,info@reverenceyogasd.com
http://revivalyogaretreat.com/,info@RevivalYogaRetreat.com,info@informcreations.com
http://epicyogaretreats.com/,jobs@wix.com,privacy@wix.com
http://yogaalchemyschool.com/,yogaalchemyschool@gmail.com
http://yoga-burn-products.com/,customerservice@yoga-burn-products.com
http://laurayogamassage.com/,l-aura@home.nl
http://mariazavarinayoga.com/,marusya.zava@gmail.com,zava@gmail.com
http://jennyzenyoga.com/,jennyzenyoga@gmail.com
http://yogacu.com/,http://yogacu.com/
http://yoga40plus.com/,jobs@wix.com,privacy@wix.com
http://marijeyogaretreats.com/,marijeyoga@gmail.com
http://homeoflightyoga.com/,homeoflightyoga@gmail.com
http://stacywyoga.com/,stacywhittingham@gmail.com
http://cubancultureandyogaretreat.com/,MartaMacias.ella@gmail.com,info@yalordeyoga.com,ella@gmail.com
http://theyogabarre.fit/,nicole@theyogabarre.fit
http://yogayouniverse.org/,yogayouniversesparta@gmail.com
http://personal.yoga/,narayani@personal.yoga
http://neutralgroundyoga.com/,neutralgroundyoga@gmail.com
http://emmajanetyoga.com/,msemmajyoung@gmail.com
http://jadeyogaandwellness.com/,impallari@gmail.com
http://joyogamarseille.com/,wisebodyyoga@gmail.com,info@mysite.com
http://gonanyoga.com/,info@gonanyoga.com
http://yogaterapeuticogirona.com/,iogaanandagi@gmail.com
http://yoga-alexandra.com/,alex.yogaintegral@gmail.com,yogaintegral@gmail.com
http://yogasmyrna.com/,hello@yogasmyrna.com,melissa@yogasmyrna.com
http://lovebreezybreeyoga.com/,bree@lovebreezybreeyoga.com
http://momentbymomentyoga.com/,momentbymomentyoga@gmail.com
http://missionalohayoga.com/,http://missionalohayoga.com/
http://sollunayogaavalon.com/,impallari@gmail.com,team@latofonts.com
http://dottirhotyoga.com/,info@dottirhotyoga.com
http://dooleyyoga.com/,http://dooleyyoga.com/
http://tritoyoga.com/,maggiedoyleyoga@gmail.com
http://agsyogaworks.com/,agnesyhw@gmail.com
http://creatingspaceyoga.info/, robyn@creatingspaceyoga.ca,robyn@creatingspaceyoga.ca
http://sharanamyogaproject.org/,hello@sharanamyogaproject.org
http://sacredspace.yoga/,http://sacredspace.yoga/
http://samroseyoga.com/,samroseyoga@gmail.com
http://deepayoga.com/,yogawithdeepa@gmail.com
http://deborahyogamartinique.com/,deborahyoga.martinique@gmail.com,martinique@gmail.com
http://alchemyyoganz.com/,Maddiebrosnan@gmail.com
http://anacaroyoga.com/,anacaroyoga@gmail.com
http://ashtangaflowyogaschool.com/,yashpalroutela22@gmail.com,Yashpalroutela22@gmail.com
http://yogaischia.org/,jobs@wix.com,privacy@wix.com
http://shalayogaveda.com/,s.alamelou@laposte.net
http://rishikeshyogastudio.com/,rishikeshyogstudio@gmail.com
http://nolavistayoga.com/,michelle@nolavistayoga.com
http://emergenceyoga.com/,http://emergenceyoga.com/
http://erinthomasyoga.com/,erin@vibeyogastudio.com
http://eclipsepoweryoga.com/,scott@eclipsepoweryoga.com,Erin@eclipsepoweryoga.com,Scott@eclipsepoweryoga.com
http://yogalovestorystudio.com/,contact@sansoxygen.com,yogalovestory11@gmail.com
http://yogaadi.com/,yogaadi@gmail.com
http://lianiyoga.com/,lianiyoga@gmail.com
http://yogamitcora.com/,cora.brandt@gmx.de
http://yogawithgillie.com/,impallari@gmail.com,gillie@yogawithgillie.com
http://chamanayogashala.com/,chamanayogashala@gmail.com
http://tantrayogawear.com/,sales@trantrayogawear.com,info@tantrayogawear.com
http://alexinyoga.com/,alexinyoga@gmail.com
http://cocoyoga.tokyo/,cocoyoga.yukari@gmail.com,yukari@gmail.com
http://bridges.yoga/,james@bridges.yoga
http://ilvelodimaya.yoga/,ilvelodimaya.asd@gmail.com,asd@gmail.com
http://benimleyogayap.com/,aysegulalyanak@hotmail.com,ulkuilce@hotmail.com,hale@gmail.com
http://bleudeyoga.com/,info@bleudeyoga.com
http://yokingisyoga.com/,yokingisyoga@gmail.com
http://yogaraha.com/,yogarahawithalex@gmail.com
http://yogamamagina.com/,gina@sukasana.org
http://heartlandyogaelreno.com/,jobs@wix.com,privacy@wix.com
http://totalyogabody.com/,info@totalyogabody.com
http://artyogaretreat.com/,,info@artyogaretreats.com,info@artyogaretreat.com
http://xn--namast-and-yoga-gnb.com/,namasteandyoga@outlook.com
http://anandayogaandwellness.org/,impallari@gmail.com,anandayogaandwellness1@gmail.com
http://nourishandrestore.yoga/,nourishandrestoreretreats@gmail.com
http://susanne.yoga/,info@susanne.yoga
http://federationviniyoganouvelleaquitaine.com/,jobs@wix.com,privacy@wix.com
http://wildwoodyogastudio.org/,Wildwoodyogastudio@gmail.com
http://empowergirlsyoga.com/,EmpowerGirlsYoga@gmail.com
http://farmhouse-yoga.com/,http://farmhouse-yoga.com/
http://johnpyoga.com/,john@johnpyoga.com
http://yoganidrawellness.com/,amcrook88@gmail.com
http://quincyyogaandmassage.com/,info@quincyyogaandmassage.com
http://anneclancyyoga.com/,info@anneclancyyoga.com
http://goodsharmayoga.com/,nsharmayoga@gmail.com
http://brightforestyoga.com/,stephanie@brightforestyoga.com
http://yogabysaba.com/,jobs@wix.com,privacy@wix.com
http://maternalsunshineyoga.com/,maternalsunshine.yoga@gmail.com,yoga@gmail.com
http://msandyoga.com/,http://msandyoga.com/
http://amacentrodeyogagc.com/,info@amacentrodeyogagc.com
http://anahatayogariverside.com/,anahatayogariverside@gmail.com
http://justynakoziol.yoga/,justyna@justynakoziol.yoga
http://solaryogaashram.org/,SolarYogaAshram@gmail.com
http://stilllifeyoga.org/,StillLifeYoga@gmail.com
http://nwfoldyoga.com/,nwfoldyoga@yahoo.com
http://black-sand-yoga.com/,natalie@black-sand-yoga.com
http://yogawithcaitlyn.com/,caitlyn_allard_yoga@yahoo.com
http://lovelightyogawi.com/,lovelightyogawi@gmail.com
http://theyogafamily.com/,hello@theyogafamily.com
http://121yogayou.fit/,info@121yogayou.com,info@121yogayou.fit
http://fairview.yoga/,contact@fairview.yoga
http://bechillyoga.org/,bechillyoga@gmail.com
http://kinderyoga-wiesbaden.com/,kinderyoga.wiesbaden@gmail.com,wiesbaden@gmail.com
http://nanda-yoga.com/,nanda-yoga@web.de
http://noyalyoga.com/,noyalyoga530@gmail.com
http://julie-yoga.com/,info@julie-yoga.com
http://bellarousisyoga.com/,isabellarousis@hotmail.com,contact@site.com
http://phillymobileyoga.com/,aliyoga@phillymobileyoga.com
http://chrysalisyogaandfitness.com/,ericaraeyogi@gmail.com,support@schedulista.com
http://chandriniyoga.com/,lara.mqami@gmail.com,mqami@gmail.com
http://elizabethstimsonyoga.com/,elizabethjstimson@gmail.com,elizabethJstimson@gmail.com
http://yogamon.com/,support@dan.com
http://yogaonthemat.com/,namaste@yogaonthemat.com
http://yogacapitalrishikesh.com/,yogacapitalrishikesh@gmail.com
http://cowfaceyoganh.com/,info@cowfaceyoganh.com
http://willzeccoyoga.com/,info@indiantypefoundry.com,will@willzeccoyoga.com
http://wellbyelleyoga.com/, wellbyelleyoga@gmail.com,elle819@gmail.com,wellbyelleyoga@gmail.com
http://keayoga.com/,contact@keayoga.com
http://equilibrio.yoga/,rose@equilibrio.yoga
http://gregjoyntyoga.com/,gregjoyntyoga@gmail.com
http://paramyogaisrael.com/,paramyogaisrael@gmail.com
http://yogastefan.com/,jobs@wix.com,privacy@wix.com
http://yogabychrisbeltrami.com/,beltramichris@gmail.com
http://yogachickfitness.com/,lpgapaf@aol.com
http://imbolctaoyoga.com/,info@imbolctaoyoga.com
http://inyoga-iwane.com/,iwn@gmail.com
http://marimulleryoga.com/,marimulleryoga@gmail.com
http://hotyoganorderstedt.com/,jobs@wix.com,privacy@wix.com
http://sageyogabath.com/,sageyogabath@gmail.com
http://vesselyogataiji.com/,vesselyogataiji@gmail.com
http://cobra-yoga.com/,natebunting@outlook.com
http://annaingenbleekyoga.com/,annaingenbleek@googlemail.com
http://yogarswami.org/,http://yogarswami.org/
http://myyoga.place/,admin@myyoga.place
http://evaget.yoga/,http://evaget.yoga/
http://kelseyannyoga.com/,kelseyannyoga@gmail.com
http://nutmegyoga.com/,nutmegyoga@gmail.com
http://eileencostelloyoga.com/,impallari@gmail.com,team@latofonts.com
http://karensheridanyoga.com/,http://karensheridanyoga.com/
http://3eyogapei.com/,3eyogapei@gmail.com
http://outstandingblossomyoga.com/,outstandingblossomyoga@gmail.com
http://josephinewarrenyoga.com/,info@echoyoga.com,INFO@JOSEPHINEWARRENYOGA.COM,info@josephinewarrenyoga.com
http://gazawomen-yogacircus.com/,gazawomenyogacircus@gmail.com
http://bethanytayloryoga.com/,BETHANY.YOGI@GMAIL.COM
http://yogakazan.com/,yoganationrussia@gmail.com
http://yogawithmarisa.com/,yogawithmarisa@outlook.com
http://yogalunatico.com/,info@yogalunatico.com
http://yogaholichk.com/,http://yogaholichk.com/
http://lifesworkyoga.com/,hello@lifesworkyoga.com
http://stefanjuneyoga.com/,stefan@stefanjuneyoga.com
http://dawnpruittyoga.com/,placeholder@example.com
http://therapeuticyogamiami.com/,aliduke01@hotmail.com
http://echo.yoga/,amkryukov@gmail.com,agustinamingote@gmail.com,echonselliott@gmail.com
http://yoga-verde.com/,clotilde.yoga@laposte.net
http://yogawithizzyrose.com/,izzyroseyoga@gmail.com
http://yogafire-studio.com/,contact@gmail.com
http://yogakidsnoumea.com/,luciano@latinotype.com,torrani@gmail.com
http://merhabayoga.com/,merhabayoga@gmail.com
http://hathayogafitness.com/,midwestyogagirl@gmail.com,studio@hathayogafitness.com
http://themindfulnestyoga.com/,eriw89@gmail.com
http://ansoyoga.com/,hello@ansoyoga.com
http://aumyogavietnam.com/,aumyogavietnam@gmail.com
http://jrryoga.com/,jrr.yoga@gmail.com,yoga@gmail.com
http://pearshapedyoga.com/,pearshapedyoga@gmail.com
http://yogassimo.com/,contact@yogassimo.com
http://mabellakeyoga.com/,cravesarah@icloud.com
http://hifiyoga.com/,tommy@hifiyoga.com,enana1003@yahoo.com,kimdawes@me.com
http://handeluluyoga.com/,handeluluyoga@gmail.com
http://hotyoga42.com/,recepce@hotyoga42.cz
http://studioyogamilano.com/,studioyogamilano@gmail.com
http://sukhavatiyogamtl.com/,sukhavatiyogamtl@gmail.com
http://colombiayogatravel.com/,info@ColombiaYogaTravel.com
http://devayaniyogadance.com/,info@devayaniyogadance.com
http://amaydiyoga.com/,vandana@amaydiyoga.com
http://alisadinovi-yoga-y12sr-yogaand12steprecoverycertifiedleader.com/,alisa.dinovi@yahoo.com,dinovi@yahoo.com
http://nadyoga.org/,info@nadyoga.org
http://praharshayoga.com/,jobs@wix.com,privacy@wix.com
http://yogawithamal.com/,amalyoga33@gmail.com
http://manifestationyogacoach.com/,contact@manifestationyogacoach.com
http://samyamayogastudio.com/,valdivieso77@yahoo.co.uk
http://veedhayoga.com/,veedhayoga@hotmail.com
http://open.yoga/,your-email@domain.com,email@domain.com
http://spiralsunyoga.com/,welcome@spiralsunyoga.com
http://venetiayoga.com/,Venetiayoga@gmail.com
http://foxyoga.com/,support@dan.com
http://romforyoga.com/,post@romforyoga.com
http://evakiyoga.com/,mail@evakiyoga.com,mati17meire@gmail.com
http://bhofficeyoga.com/,officeyoga@balancedhumans.com
http://yosoyoga.com/,info@yosoyoga.com
http://yogaenlivens.com/,judy@yogaenlivens.com
http://yoga-feel.com/,ikumi.mashimo@gmail.com,mashimo@gmail.com
http://yogaxfit.com/,info@yogaxfit.com
http://yogaartwear.com/,info@yogaartwear.com
http://intenthotyoga.com/,tawni@intenthotyoga.com
http://luminoushealthyoga.com/,info@luminoushealthyoga.com
http://madisonryanyoga.com/,madison@madisonryanyoga.com
http://cooperyoga.com/,impallari@gmail.com,team@latofonts.com
http://tyanyogaoslo.com/,tyanyogaoslo@gmail.com
http://kimberlylabounty.yoga/,Kimberly@kimberlylabounty.yoga
http://taniadyoga.com/,tania.ditommaso@gmail.com,ditommaso@gmail.com
http://compassyogastaunton.com/,info@compassyogastaunton.com
http://iarolandyoga.org/,forexample66@gmail.com
http://margauxmaertens.yoga/,maineyogi108@gmail.com
http://marisa.yoga/,yogainlynchburg@gmail.com
http://rivertownssupyoga.com/,tara@rivertownssupyoga.com
http://8yogainfinity.com/,8yogainfinity@gmail.com
http://untetheredyoganyc.com/,untetheredyoganyc@gmail.com
http://yogajaci.com/,support@yogajaci.com
http://yogamusetribe.com/,enquiries@yogamusetribe.com
http://amyschneideryoga.com/,aschneids@gmail.com
http://malibusolyoga.com/,MalibuSolYoga@gmail.com
http://kybyoga.com/,rebecca_malherbe@hotmail.de
http://engproyoga.com/,info@engproyoga.com
http://gymyogasoft.com/,contact@company.com
http://gleeyoga.com/,info@gleeyoga.com
http://yogacleveland.com/,support@dan.com
http://yogaabbey.com/,support@carolinewilliamsyoga.com
http://yogaxamanico.com/,info@yogaxamanico.com
http://santoshayoganorfolk.com/,emilie@santoshayoganorfolk.com
http://cairnyogawellness.com/,cathy@cairnyogawellness.com
http://dynamiteyoga.com/,info@ydynamiteyoga.com,info@dynamiteyoga.com
http://demeteryoga.com/,zita.demeter@icloud.com,demeter@icloud.com
http://abundantstrengthyoga.com/,darcy@abundantstrengthyoga.com
http://avatarayoga.com/,avatarayoga777@gmail.com
http://bellafityoga.com/,annabelle@bellafityoga.com
http://yogacait.com/,yogisculpt@gmail.com
http://yogawithkeyla.com/,keylamarx@gmail.com
http://yoganandaspiritualposters.com/,love@sailinghomestudio.com
http://yogashock.com/,support@www.yogashock.com
http://sarayug-yoga.com/,sarayug93@gmail.com
http://clasesdeyogaenzonaesmeralda.com/,healwyoga@gmail.com
http://theyogasocialllc.com/,theyogasociallc@gmail.com
http://yoganutrition.org/,francoise.raymond75014@gmail.com,raymond75014@gmail.com
http://architecture.yoga/,impallari@gmail.com
http://marieve-yoga.com/,marieve.yoga@outlook.com,yoga@outlook.com
http://saracanevayoga.com/,saracanevayoga@gmail.com
http://yoga.live/,support@dan.com
http://solshineyoga.org/,info@solshineyoga.org
http://growingyoga.us/,natalie.ashker@gmail.com,ashker@gmail.com
http://bodhiyogafarmington.com/,bodhiyogafarmington@gmail.com,info@loveyourbrain.com,MindfulMarch@loveyourbrain.com
http://yogawithjana.com/,janaveldhuizen@gmail.com
http://yogaseomarketing.com/,namaste@yogaseomarketing.com
http://yogamitnadin.com/,yogamitnadin@gmail.com
http://kinchiyoga.com/,,shellini@kinchiyoga.com
http://kidsyogarocks.com/,Jaclyn@kidsyogarocks.com
http://poweryogaenergy.com/,elst_claudia@yahoo.com
http://yogainward.com/,carmenrose@hush.com
http://muladhara-yoga.com/,info@muladhara-yoga.com
http://maitriyogaandwellness.com/,reneembakeryoga@gmail.com
http://manisakarunayoga.com/,manisakarunayoga@gmail.com
http://vulcanyogaandwellness.com/,vulcanyogaandwellness@gmail.com
http://chelseacameronyoga.com/,chelseacameronyoga@gmail.com
http://riverofwellnessyoga.com/,info@riverofwellnessyoga.com
http://legatoyoga.com/,Legatoyogastudio@gmail.com,legatoyogastudio@gmail.com
http://christinamartiniyoga.com/,cmartiniyoga@gmail.com
http://takeheartyogahenderson.com/,takeheartyoga@yahoo.com
http://experimentalyogamethod.com/,kristine@experimentalyogamethod.com
http://goldingyoga.com/,goldingyoga@gmail.com
http://youryogabusinessme.com/,youryogabusiness@gmail.com
http://nyasa.yoga/,stephenson@hotmail.com
http://eastsidekarmany.yoga/,info@eastsidekarmany.yoga
http://aquarian.yoga/,amybearman@me.com
http://yogabyyourstruly.com/,yogabyyourstruly@gmail.com,stephanietranyoga@gmail.com
http://yogailstudio.com/,yogail2015@gmail.com
http://yogalifedrawing.com/,hello@yogalifedrawing.com
http://quartzqueenyoga.com/,quartzqueenyoga@outlook.com
http://iyengaryogakauai.com/,iyengaryogakauai@gmail.com
http://leayoga.com/,abot.lea@gmail.com,lea@gmail.com
http://hotyogacure.com/,Angela@hotyogacure.com
http://sandiegoyogabeachrental.com/,geninapadilla@gmail.com
http://vedicyogavision.com/,sree@yahoo.com,ram@gmail.com
http://nomadicyogacompany.com/,info@nomadicyogacompany.com,info@mysite.com,clare_jevons@hotmail.co.uk,shlomy007@gmail.com
http://flawsomeyogawellness.com/,anna@flawsomeyogawellness.com,giuntanna85@gmail.com,Anna@flawsomeyogawellness.com
http://nagsheadbeachyoga.com/,nagsheadbeachyoga@gmail.com
http://joakimyoga.com/,joakimyoga@gmail.com
http://judesyogawellbeing.com/,judy.duddridge1@sky.com,duddridge1@sky.com
http://becauseyogaheals.com/,becauseyogaheals@gmail.com
http://deafyogaworks.com/,kavitadeafworks@gmail.com,kavitadeafyogaworks@gmail.com,kkohli8632@aol.com
http://anuruhyoga.com/,info@anuruhyoga.com
http://radiantheartyogatroncones.com/,RadiantHeartMexico@gmail.com
http://riseandshinekidsyoga.com/,riseandshinekidsyoga@gmail.com
http://airoyoga.com/,letsswing@airoyoga.com,workshops@airoyoga.com,teachertrainings@airoyoga.com,studios@airoyoga.com
http://wokeyogaloft.com/,Contact@WokeYogaLoft.com
http://physi-yoga.org/,rachel@physi-yoga.com
http://seedsofloveyoga.org/,seedsofloveyoga@gmail.com
http://kelseaerinyoga.com/,kelseaerinyoga@gmail.com
http://jacksonlynchyoga.com/,JL@jacksonlynchyoga.com,jacksonlynchyoga@gmail.com
http://yogawithneeru.com/,neerdignity@gmail.com
http://yogapaysbasque.com/,larracheeric@gmail.com
http://yogajuergen.com/,jlampart@me.com
http://yogalvh.com/,yogalvh@gmail.com
http://yogatheorem.com/,info@yogatheorem.com
http://theyogaandpilatesphysio.com/,gemmalewis7@hotmail.co.uk
http://roamingomyoga.com/,roamingomyoga@gmail.com
http://europeanyogastudio.com/,contact@europeanyogastudio.com
http://overflowpoweryoga.com/,lauren@overflowlbk.com
http://bellinghamyogacollective.com/,bellinghamyogacollective@gmail.com,BellinghamYogaCollective@gmail.com
http://pedrofrazaoyoga.com/,pedrofrazao@yahoo.com.br,pedrofrazao@yahoo.com
http://yogagirlfoundation.com/,info@yogagirlfoundation.com,info@yogagirlfoundation.com 
http://yogahafen.com/,yogapilates@potschies.de
http://yogalunestudio.com/,yogalunestudio@gmail.com
http://lemonbalmyogawellness.com/,thelight@lemonbalmyogawellness.com
http://mariayogafizz.com/,info@mariayogafizz.com
http://healingtogetheryoga.com/,healingtogetheryoga@gmail.com
http://sannasyogashop.com/,sannasyogashop@gmail.com
http://shantarayoga.com/,shantarayoga@gmail.com
http://sacredyogashop.com/,info@sacredyogashop.com
http://tuckeryoga.com/,barkofthetree@gmail.com,yogibear@fakenews.com,dpmunchkinminders@gmail.com,tuckeryoga@gmail.com
http://amysyoga4life.com/,akraphael4@yahoo.com,akrapahel4@yahoo.com
http://oorja-yoga.com/,ashley.yogved@hotmail.com,yogved@hotmail.com
http://yogaimpactinstitute.com/,nancycandea9@gmail.com,yogaimpact@gmail.com,InternationalYogaTherapy@gmail.com
http://yogainthesecretgarden.com/,yogainthesecretgarden@gmail.com
http://yoga-colibri.com/,infoyogacolibri@gmail.com
http://youmeyoga.com/,support@dan.com
http://at-mbsr-yoga.com/,Yoga@toussaint-teachout.de
http://avaniyogabgd.com/,info@avaniyogabgd.com
http://ay-yoga.com/,cmsmasters@gmail.com
http://yogarts.org/,support@yogarts.org
http://angieklein.yoga/,contact@sansoxygen.com
http://suvitahotyoga.com/,mya@suvitahotyoga.com
http://420yogasocal.com/,mary@420yogaoc.com
http://yogaratitokyo.com/,yogaratitokyo@gmail.com
http://yogaessentialkit.com/,support@yogaessentialkit.com
http://littlesunfloweryoga.com/,leigh@littlesunfloweryoga.com
http://mysimplyyoga.com/,susan@simplyyoga.com,billing@simplyyogalemont.com
http://sophijaneyoga.com/,sjyoga@hotmail.com
http://tribuyoga.com/,frederick@ntecsa.com
http://presentmind.yoga/,filler@godaddy.com
http://nbbyoga.com/,samuelnwokeka@icloud.com
http://powerofthematyoga.com/,impallari@gmail.com,team@latofonts.com
http://mangotreevillasandretreats.yoga/,info@mangotreevillasandretreats.yoga,impallari@gmail.com,team@latofonts.com
http://orchidblueyoga.com/,info@latinotype.com,team@latofonts.com,filler@godaddy.com,jenniferlinperry@gmail.com
http://patyogaromsdal.com/,pat-yoga@hotmail.com,yoga@hotmail.com
http://yogagardalake.com/,elisayogagardalake@gmail.com
http://lotusyogabarre.com/,rtrailweaver@gmail.com
http://mettaflowyoga.com/,kellybellaskinner@gmail.com
http://michaelfergotyoga.com/,yogifergot@gmail.com
http://honestyogani.com/,emma@honestyogani.com,Emma@HonestYogaNI.com
http://coldwateryoga.com/,coldwateryoga@gmail.com
http://costaricasupyoga.com/,india@costaricasupyoga.com
http://transformyogatraining.com/,transformyogatraining@gmail.com
http://theyogacowgirl.com/,sarah@theyogacowgirl.com
http://altyogavibe.com/,altyogavibe@gmail.com,http://altyogavibe.com/about-1/
http://aquaagniyoga.com/,eloclucius@yahoo.com
http://luxuryyogaretreats.org/,info@rishikulyogshala.org
http://mukti.yoga/,info@mukti.yoga
http://schys.yoga/,hannah@schys.yoga, jj@schys.yoga
http://firephenixyoga.com/,ian@firephenixyoga.com
http://rachelackleyyoga.com/,rachel@rachelackleyyoga.com
http://upayayogabali.com/,upayayog@gmail.com
http://jessicahillyoga.com/,jessicahillyoga@gmail.com
http://physioyogamedical.com/,cdextre@physioyogamedical.com
http://pippayogatherapy.com/,pippayogatherapy@gmail.com
http://yogavic.com/,yogarock@yogavic.com
http://yogacowgirlglitters.com/,rodriguezjill1027@gmail.com
http://yogawithshakira.com/,hello@yogawithshakira.com
http://yogaetcsd.com/,contact@sansoxygen.com
http://yoga-retreats-greece.com/,info@isidorayoga.com,isidoraliakou@yahoo.com
http://ilybeayoga.com/,emily@ilybeayoga.com
http://hotyogarepublic.com/,kathryn@hotyogarepublic.com,jessica@hotyogarepublic.com
http://himalayanyogarishikesh.com/,himalayanyogarishikesh@gmail.com
http://simplefaceyoga.com/,info@simpefaceyoga.com,contact@simplefaceyoga.com
http://circuloyoga.com/,circuloyogatv@gamil.com
http://connectandflowyoga.com/,connectandflowyoga@gmail.com
http://tarajeanyoga.com/,tarajean.yoga101@gmail.com,yoga101@gmail.com
http://tierradeyogacancun.com/,info@tierradeyogacancun.com
http://biggyoga.org/,biggyoga.mindfulyoga@gmail.com,mindfulyoga@gmail.com,fitunowfitness@gmail.com
http://yogawithvictoria.org/,victoriascriven22@gmail.com,victoriayoga1@gmail.com
http://yogasprites.com/,Community@yogasprites.com,Community@YogaSprites.com
